-29,-94,-90
-23,0,-90
-28,-95,-90
-15,16,-90
-12,-77,-90
-32,9,-90
-28,-102,-90
-32,7,-90
-22,-94,-90
-15,14,-90
-22,-95,-90
-15,18,-90
-35,-94,-90
-21,8,-90
-9,-81,-90
-15,15,-90
-21,-87,-90
-21,-7,-90
-23,-94,-90
-26,11,-90
-16,-91,-90
-26,8,-90
-15,-87,-90
-21,9,-90
-21,-91,-90
-12,11,-90
-16,-85,-90
-28,5,-90
-23,-104,-90
-29,7,-90
-23,-85,-90
-23,14,-90
-21,-87,-90
-33,5,-90
-19,-82,-90
-4,29,-90
-15,-91,-90
-19,12,-90
-19,-92,-90
-22,4,-90
-22,-98,-90
-16,8,-90
-23,-95,-90
-29,11,-90
-25,-95,-90
-21,11,-90
-28,-91,-90
-28,2,-90
-21,-91,-90
-19,12,-90
-33,-97,-90
-14,22,-90
-32,-99,-90
-11,15,-90
-14,-87,-90
-25,4,-90
-25,-87,-90
-32,9,-90
-30,-95,-90
-18,12,-90
-22,-90,-90
-21,19,-90
-32,-95,-90
-22,12,-90
-21,-87,-90
-28,8,-90
-11,-92,-90
-21,7,-90
-30,-94,-90
-12,21,-90
-30,-85,-90
-29,5,-90
-21,-99,-90
-23,12,-90
-23,-91,-90
-45,-5,-90
-33,-90,-90
-21,4,-90
-26,-94,-90
-42,2,-90
-28,-90,-90
-21,8,-90
-22,-91,-90
-29,12,-90
-23,-101,-90
-22,7,-90
-28,-84,-90
-25,5,-90
-21,-92,-90
-26,7,-90
-28,-88,-90
-29,4,-90
-28,-92,-90
-19,12,-90
-19,-92,-90
-16,14,-90
-25,-88,-90
-18,4,-90
-18,-85,-90
-21,12,-90
-22,-91,-90
-22,2,-90
-26,-91,-90
-26,5,-90
-19,-94,-90
-26,11,-90
-30,-94,-90
-22,5,-90
-42,-98,-90
-21,4,-90
-18,-85,-90
-16,12,-90
-25,-98,-90
-30,2,-90
-23,-85,-90
-19,28,-90
-22,-81,-90
-26,14,-90
-25,-92,-90
-11,28,-90
-28,-95,-90
-16,8,-90
-14,-90,-90
-39,4,-90
-12,-92,-90
-15,11,-90
-19,-92,-90
-28,12,-90
-22,-90,-90
-18,11,-90
-15,-101,-90
-25,9,-90
-26,-94,-90
-16,21,-90
-25,-88,-90
-22,9,-90
-12,-91,-90
-9,23,-90
-18,-99,-90
-19,2,-90
-14,-77,-90
-33,8,-90
-28,-92,-90
-18,14,-90
-23,-90,-90
-36,5,-90
-23,-95,-90
-28,11,-90
-16,-87,-90
-23,25,-90
-22,-91,-90
-15,16,-90
-21,-90,-90
-35,5,-90
-12,-81,-90
-33,8,-90
-29,-94,-90
-25,14,-90
-16,-82,-90
-15,18,-90
-18,-87,-90
-28,8,-90
-18,-97,-90
-23,12,-90
-22,-95,-90
-21,15,-90
-26,-84,-90
-25,5,-90
-26,-88,-90
-22,18,-90
-28,-85,-90
-21,12,-90
-23,-94,-90
-25,7,-90
-33,-98,-90
-16,12,-90
-26,-99,-90
-23,14,-90
-35,-91,-90
-18,14,-90
-9,-84,-90
-25,11,-90
-32,-108,-90
-21,9,-90
-18,-91,-90
-28,7,-90
-30,-92,-90
-32,7,-90
-25,-101,-90
-35,12,-90
-29,-92,-90
-33,5,-90
-29,-84,-90
-25,8,-90
-14,-97,-90
-23,9,-90
-25,-97,-90
-21,9,-90
-18,-87,-90
-26,11,-90
-7,-90,-90
-19,8,-90
-28,-91,-90
-18,7,-90
-23,-82,-90
-25,5,-90
-23,-91,-90
-23,22,-90
-19,-90,-90
-22,14,-90
-57,-61,-90
-32,19,-90
-32,-90,-90
-15,12,-90
-30,-99,-90
-26,14,-90
-25,-92,-90
-25,5,-90
-30,-87,-90
-18,7,-90
-28,-94,-90
-19,9,-90
-22,-90,-90
-25,11,-90
-21,-92,-90
-19,21,-90
-22,-88,-90
-22,15,-90
-32,-94,-90
-8,14,-90
-36,-94,-90
-28,-1,-90
-23,-95,-90
-11,14,-90
-30,-91,-90
-16,9,-90
-22,-87,-90
-16,15,-90
-23,-91,-90
-25,12,-90
-19,-84,-90
-14,11,-90
-30,-95,-90
-23,8,-90
-19,-94,-90
-21,5,-90
-23,-91,-90
-21,9,-90
-21,-91,-90
-26,12,-90
-25,-91,-90
-11,18,-90
-14,-78,-90
-14,19,-90
-26,-102,-90
-12,26,-90
-12,-84,-90
-16,26,-90
-39,-94,-90
-23,14,-90
-32,-101,-90
-32,11,-90
-15,-81,-90
-29,7,-90
-36,-92,-90
-26,11,-90
-16,-87,-90
-25,11,-90
-23,-98,-90
-23,7,-90
-28,-95,-90
-26,2,-90
-21,-87,-90
-21,15,-90
-16,-85,-90
-25,14,-90
-22,-84,-90
-23,11,-90
-21,-85,-90
-19,23,-90
-21,-98,-90
-32,4,-90
-23,-85,-90
-15,11,-90
-18,-95,-90
-28,4,-90
-25,-94,-90
-30,8,-90
-21,-90,-90
-26,12,-90
-22,-87,-90
-23,11,-90
-19,-95,-90
-11,19,-90
-22,-90,-90
-19,7,-90
-22,-87,-90
-26,19,-90
-29,-90,-90
-16,14,-90
-14,-81,-90
-25,28,-90
-40,-99,-90
-16,11,-90
-29,-91,-90
-22,0,-90
-32,-102,-90
-16,14,-90
-16,-84,-90
-26,5,-90
-33,-88,-90
-18,7,-90
-23,-97,-90
-19,7,-90
-30,-92,-90
-25,16,-90
-21,-85,-90
-32,7,-90
-8,-91,-90
-29,9,-90
-39,-99,-90
-15,11,-90
-25,-95,-90
-29,5,-90
-19,-87,-90
-29,9,-90
-23,-91,-90
-21,16,-90
-28,-97,-90
-23,15,-90
-16,-78,-90
-12,21,-90
-16,-81,-90
-21,9,-90
-16,-87,-90
-14,12,-90
-26,-85,-90
-26,7,-90
-25,-97,-90
-19,11,-90
-26,-90,-90
-35,4,-90
-35,-91,-90
-32,11,-90
-25,-94,-90
-18,9,-90
-26,-92,-90
-22,15,-90
-21,-88,-90
-19,19,-90
-30,-101,-90
-14,19,-90
-15,-82,-90
-19,18,-90
-19,-95,-90
-21,11,-90
-28,-92,-90
-18,19,-90
-28,-90,-90
-14,11,-90
-12,-84,-90
-18,28,-90
-22,-91,-90
-21,22,-90
-23,-94,-90
-18,11,-90
-28,-94,-90
-19,12,-90
-29,-94,-90
-15,28,-90
-19,-91,-90
-19,15,-90
-12,-78,-90
-33,15,-90
-23,-94,-90
-21,9,-90
-11,-87,-90
-30,8,-90
4,-108,-90
-30,11,-90
-25,-104,-90
-19,15,-90
-32,-87,-90
-22,7,-90
-18,-84,-90
-29,5,-90
-19,-88,-90
-19,15,-90
-23,-90,-90
-28,2,-90
-23,-91,-90
-37,9,-90
-23,-99,-90
-22,1,-90
-14,-81,-90
-18,7,-90
-23,-90,-90
-18,2,-90
-16,-99,-90
-22,11,-90
-28,-99,-90
-43,-1,-90
-29,-111,-90
-28,5,-90
-18,-101,-90
-30,5,-90
-30,-81,-90
-26,-5,-90
-21,-95,-90
-19,9,-90
-21,-95,-90
-23,4,-90
-9,-87,-90
-26,7,-90
-23,-94,-90
-18,12,-90
-16,-97,-90
-15,16,-90
-21,-97,-90
-21,9,-90
-29,-95,-90
-23,11,-90
-26,-84,-90
-19,7,-90
-25,-95,-90
-12,18,-90
-22,-87,-90
-36,2,-90
-11,-80,-90
-25,15,-90
-26,-90,-90
-26,9,-90
-22,-90,-90
-11,25,-90
-16,-90,-90
-25,15,-90
-35,-84,-90
-21,16,-90
-22,-97,-90
-18,22,-90
-11,-87,-90
-16,14,-90
-19,-92,-90
-21,16,-90
-11,-85,-90
-14,22,-90
-26,-97,-90
-19,19,-90
-29,-98,-90
-9,14,-90
-21,-91,-90
-25,8,-90
-33,-97,-90
-26,11,-90
-21,-95,-90
-19,16,-90
-32,-85,-90
-22,8,-90
-28,-92,-90
-32,12,-90
-21,-92,-90
-30,16,-90
-18,-90,-90
-26,8,-90
-19,-84,-90
-26,11,-90
-14,-84,-90
-22,11,-90
-25,-104,-90
-21,18,-90
-32,-90,-90
-19,11,-90
-30,-92,-90
-14,16,-90
-22,-95,-90
-15,19,-90
-21,-90,-90
-18,5,-90
-22,-88,-90
-21,18,-90
-14,-94,-90
-18,14,-90
-15,-85,-90
-33,8,-90
-12,-81,-90
-19,4,-90
-19,-91,-90
-21,14,-90
-21,-91,-90
-32,0,-90
-16,-88,-90
-21,16,-90
-15,-84,-90
-21,4,-90
-23,-80,-90
-26,7,-90
-29,-84,-90
-29,9,-90
-40,-88,-90
-9,19,-90
-154,171,-75
-19,126,-75
-25,177,-75
-11,133,-75
-157,168,-75
-22,137,-75
-163,171,-75
-32,139,-75
-25,171,-75
-21,150,-75
-150,163,-75
-25,143,-75
-158,170,-75
-28,143,-75
-29,157,-75
-22,137,-75
-26,167,-75
-32,136,-75
-147,158,-75
-16,150,-75
-40,151,-75
-23,150,-75
-26,158,-75
-22,125,-75
-157,168,-75
-25,150,-75
-30,158,-75
-22,154,-75
-26,163,-75
-23,146,-75
-158,157,-75
-30,125,-75
-150,154,-75
-19,151,-75
-32,160,-75
-25,135,-75
-149,160,-75
-23,123,-75
-149,163,-75
-9,120,-75
-147,161,-75
-23,130,-75
-147,153,-75
-23,137,-75
-154,170,-75
-32,123,-75
-147,167,-75
-16,132,-75
-154,153,-75
-21,123,-75
-153,168,-75
-19,142,-75
-153,164,-75
-39,130,-75
-154,170,-75
-16,136,-75
-150,165,-75
-28,122,-75
-163,165,-75
-16,130,-75
-40,165,-75
-18,132,-75
-147,160,-75
-28,122,-75
-154,161,-75
-19,132,-75
-153,167,-75
-22,135,-75
-33,154,-75
-30,135,-75
-150,161,-75
-26,142,-75
-153,172,-75
-29,130,-75
-33,160,-75
-22,126,-75
-33,175,-75
-23,144,-75
-160,175,-75
-16,144,-75
-157,165,-75
-35,129,-75
-33,165,-75
-30,119,-75
-158,168,-75
-9,142,-75
-39,157,-75
-33,136,-75
-153,165,-75
-19,149,-75
-37,160,-75
-21,147,-75
-156,170,-75
-25,140,-75
-161,175,-75
-21,137,-75
-147,158,-75
-18,137,-75
-153,165,-75
-12,119,-75
-154,167,-75
-18,140,-75
-154,168,-75
-19,133,-75
-36,164,-75
-18,133,-75
-39,149,-75
-4,135,-75
-153,163,-75
-9,150,-75
-153,164,-75
-18,142,-75
-161,163,-75
-18,140,-75
-150,158,-75
-21,143,-75
-157,168,-75
-26,126,-75
-32,154,-75
-14,143,-75
-151,165,-75
-16,122,-75
-156,171,-75
-21,140,-75
-151,161,-75
-25,129,-75
-147,160,-75
-26,123,-75
-144,164,-75
-28,122,-75
-147,164,-75
-15,135,-75
-153,167,-75
-22,149,-75
-149,161,-75
-29,116,-75
-151,157,-75
-21,132,-75
-146,163,-75
-21,130,-75
-153,167,-75
-28,130,-75
-147,157,-75
-30,119,-75
-32,163,-75
-25,136,-75
-156,167,-75
-5,146,-75
-143,160,-75
-21,127,-75
-150,157,-75
-18,130,-75
-156,171,-75
-14,126,-75
-40,160,-75
-23,143,-75
-53,165,-75
-28,125,-75
-161,171,-75
-23,132,-75
-156,167,-75
-19,125,-75
-33,164,-75
-23,123,-75
-153,160,-75
-14,133,-75
-151,167,-75
-16,142,-75
-150,161,-75
-28,127,-75
-37,156,-75
-23,129,-75
-30,165,-75
-25,129,-75
-29,168,-75
-22,135,-75
-151,167,-75
-23,137,-75
-149,156,-75
-23,119,-75
-26,165,-75
-23,120,-75
-150,164,-75
-32,125,-75
-150,167,-75
-19,130,-75
-153,167,-75
-35,115,-75
-30,156,-75
-15,132,-75
-147,170,-75
-28,126,-75
-153,158,-75
-28,120,-75
-154,175,-75
-18,130,-75
-29,165,-75
-22,129,-75
-157,170,-75
-28,127,-75
-146,164,-75
-29,142,-75
-158,171,-75
-40,125,-75
-153,161,-75
-11,132,-75
-143,156,-75
-22,125,-75
-157,163,-75
-16,142,-75
-153,163,-75
-28,139,-75
-142,154,-75
-29,127,-75
-56,144,-75
-15,136,-75
-150,161,-75
-9,140,-75
-154,171,-75
-19,125,-75
-29,163,-75
-16,133,-75
-156,165,-75
-12,130,-75
-151,157,-75
-23,132,-75
-150,160,-75
-32,125,-75
-151,170,-75
-29,126,-75
-153,174,-75
-26,136,-75
-153,160,-75
-22,126,-75
-154,168,-75
-26,122,-75
-153,167,-75
-23,136,-75
-149,165,-75
-26,133,-75
-151,150,-75
-29,126,-75
-45,153,-75
-15,135,-75
-147,171,-75
-26,118,-75
-150,164,-75
-22,116,-75
-28,158,-75
-39,119,-75
-35,158,-75
-40,120,-75
-32,161,-75
-28,127,-75
-154,171,-75
-22,132,-75
-149,164,-75
-14,140,-75
-157,156,-75
-18,140,-75
-149,160,-75
-28,129,-75
-154,157,-75
-28,137,-75
-156,175,-75
-18,133,-75
-149,167,-75
-18,130,-75
-151,171,-75
-30,108,-75
-154,172,-75
-22,127,-75
-150,156,-75
-11,151,-75
-149,167,-75
-21,125,-75
-153,170,-75
-25,118,-75
-156,170,-75
-21,144,-75
-156,161,-75
-36,123,-75
-151,170,-75
-28,120,-75
-147,161,-75
-29,122,-75
-163,171,-75
-12,142,-75
-150,165,-75
-32,126,-75
-154,163,-75
-18,123,-75
-154,172,-75
-18,123,-75
-151,165,-75
-18,133,-75
-142,164,-75
-21,136,-75
-161,170,-75
-16,129,-75
-153,171,-75
-23,136,-75
-144,160,-75
-33,126,-75
-30,150,-75
-23,136,-75
-144,158,-75
-28,133,-75
-147,151,-75
-23,126,-75
-35,158,-75
-36,111,-75
-32,171,-75
-28,144,-75
-153,164,-75
-18,126,-75
-167,177,-75
-22,127,-75
-150,160,-75
-21,132,-75
-33,168,-75
-28,122,-75
-157,171,-75
-37,127,-75
-150,164,-75
-25,129,-75
-32,156,-75
-33,119,-75
-161,165,-75
-21,133,-75
-151,157,-75
-16,147,-75
-157,171,-75
-30,125,-75
-151,165,-75
-30,113,-75
-37,156,-75
-29,119,-75
-154,160,-75
-26,125,-75
-147,158,-75
-22,156,-75
-160,177,-75
-19,132,-75
-150,171,-75
-16,130,-75
-32,158,-75
-43,125,-75
-144,161,-75
-26,129,-75
-147,150,-75
-25,127,-75
-150,161,-75
-29,118,-75
-35,167,-75
-11,133,-75
-147,160,-75
-25,136,-75
-149,168,-75
-15,136,-75
-151,174,-75
-21,133,-75
-150,161,-75
-26,123,-75
-29,167,-75
-28,146,-75
-160,172,-75
-37,125,-75
-33,157,-75
-18,139,-75
-28,170,-75
-30,133,-75
-39,156,-75
-30,137,-75
-29,158,-75
-21,137,-75
-147,161,-75
-32,127,-75
-151,172,-75
-14,144,-75
-161,168,-75
-35,119,-75
-154,168,-75
-15,144,-75
-30,163,-75
-35,129,-75
-156,167,-75
-39,118,-75
-156,165,-75
-29,135,-75
-36,157,-75
-23,140,-75
-149,156,-75
-26,126,-75
-151,163,-75
-23,135,-75
-28,160,-75
-19,147,-75
-149,156,-75
-25,136,-75
-154,163,-75
-29,133,-75
-160,164,-75
-18,146,-75
-151,161,-75
-26,129,-75
-146,160,-75
-29,137,-75
-160,177,-75
-23,144,-75
-151,164,-75
-26,139,-75
-149,160,-75
-29,144,-75
-156,168,-75
-30,122,-75
-158,160,-75
-21,144,-75
-30,157,-75
-26,147,-75
-154,163,-75
-33,126,-75
-149,168,-75
-18,142,-75
-157,165,-75
-21,127,-75
-33,151,-75
-22,126,-75
-157,157,-75
-28,119,-75
-157,160,-75
-23,140,-75
-153,157,-75
-21,119,-75
-30,158,-75
-8,144,-75
-153,165,-75
-26,137,-75
-150,167,-75
-19,139,-75
-154,168,-75
-35,123,-75
-151,161,-75
-28,116,-75
-36,154,-75
-28,122,-75
-149,164,-75
-23,129,-75
-156,165,-75
-21,129,-75
-150,158,-75
-32,115,-75
-156,167,-75
-32,116,-75
-150,161,-75
-28,126,-75
-149,158,-75
-19,135,-75
-151,170,-75
-22,119,-75
-150,163,-75
-29,119,-75
-150,160,-75
-18,129,-75
-151,171,-75
-37,108,-75
-144,167,-75
-16,143,-75
-147,160,-75
-21,144,-75
-37,160,-75
-21,140,-75
-28,167,-75
-30,119,-75
-28,150,-75
-43,122,-75
-158,165,-75
-14,149,-75
-151,165,-75
-21,135,-75
-156,154,-75
-29,139,-75
-42,164,-75
-25,122,-75
-37,157,-75
-28,129,-75
-153,168,-75
-30,120,-75
-147,170,-75
-22,136,-75
-35,156,-75
-26,142,-75
-156,168,-75
-19,120,-75
-151,165,-75
-19,136,-75
-33,158,-75
-29,140,-75
-157,171,-75
-15,151,-75
-140,78,-60
-15,139,-60
-133,88,-60
-37,119,-60
-137,81,-60
-16,130,-60
-139,81,-60
-18,143,-60
-132,80,-60
-25,127,-60
-130,85,-60
-22,136,-60
-132,85,-60
-15,147,-60
43,73,-60
-19,130,-60
-135,75,-60
-19,143,-60
-135,88,-60
-18,115,-60
-149,88,-60
-19,132,-60
132,81,-60
-28,120,-60
-122,84,-60
-30,126,-60
-133,77,-60
-30,126,-60
-122,68,-60
-19,129,-60
-126,61,-60
-35,125,-60
-119,81,-60
-23,143,-60
-127,80,-60
-15,147,-60
-122,78,-60
-22,130,-60
-132,74,-60
-28,122,-60
-118,78,-60
-26,120,-60
-122,74,-60
-22,136,-60
-132,77,-60
-21,127,-60
-129,81,-60
-23,120,-60
-132,77,-60
-14,133,-60
-135,73,-60
-21,142,-60
-125,71,-60
-23,115,-60
132,68,-60
-26,118,-60
-123,75,-60
-39,126,-60
-129,68,-60
-29,112,-60
-130,82,-60
-39,127,-60
-123,74,-60
-22,137,-60
-140,85,-60
-26,129,-60
-120,84,-60
-26,132,-60
-132,85,-60
-25,139,-60
-144,84,-60
-40,119,-60
-137,82,-60
-16,143,-60
-126,81,-60
-26,119,-60
-123,75,-60
-23,147,-60
-135,81,-60
-25,113,-60
-122,77,-60
-15,142,-60
-119,82,-60
-26,119,-60
-132,70,-60
-18,132,-60
-130,81,-60
-25,147,-60
-135,77,-60
-21,137,-60
-127,81,-60
-19,130,-60
-122,82,-60
-16,143,-60
-125,80,-60
-18,133,-60
-133,73,-60
-25,118,-60
-132,80,-60
-22,144,-60
-133,74,-60
-26,118,-60
132,70,-60
-18,136,-60
-129,82,-60
-39,113,-60
-123,73,-60
-32,123,-60
133,80,-60
-26,129,-60
-133,84,-60
-21,123,-60
-142,87,-60
-21,139,-60
-120,78,-60
-26,126,-60
129,63,-60
-19,130,-60
-125,77,-60
-25,123,-60
-126,75,-60
-28,119,-60
-130,81,-60
-18,150,-60
-129,85,-60
-21,135,-60
-125,84,-60
-16,125,-60
-123,81,-60
-22,144,-60
130,68,-60
-12,136,-60
-132,82,-60
-22,133,-60
-132,84,-60
-25,115,-60
-139,78,-60
-26,125,-60
130,67,-60
-32,129,-60
-133,87,-60
-16,127,-60
-132,80,-60
-43,127,-60
-126,74,-60
-30,111,-60
127,73,-60
-23,115,-60
-135,77,-60
-19,129,-60
-135,80,-60
-30,139,-60
-132,80,-60
-37,127,-60
-130,78,-60
-21,127,-60
-133,75,-60
-30,129,-60
-123,67,-60
-19,132,-60
-137,73,-60
-16,136,-60
-120,74,-60
-30,129,-60
-136,80,-60
-22,140,-60
-123,80,-60
-35,136,-60
-130,71,-60
-39,120,-60
-136,85,-60
-30,122,-60
-132,91,-60
-36,125,-60
-129,82,-60
-43,116,-60
-123,73,-60
-26,130,-60
-133,87,-60
-15,132,-60
-130,73,-60
-28,127,-60
-136,94,-60
-25,130,-60
-125,74,-60
-29,132,-60
-135,75,-60
-35,126,-60
-127,74,-60
-11,142,-60
-135,77,-60
-23,140,-60
-137,84,-60
-19,142,-60
-135,68,-60
-25,115,-60
-133,84,-60
-30,125,-60
-143,85,-60
-28,129,-60
-142,84,-60
-22,139,-60
-135,78,-60
-18,123,-60
-127,78,-60
-21,126,-60
-142,82,-60
-36,129,-60
-132,78,-60
-25,132,-60
-127,88,-60
-22,122,-60
-127,82,-60
-25,126,-60
-139,78,-60
-30,125,-60
-153,84,-60
-25,132,-60
-139,85,-60
-18,139,-60
-136,81,-60
-30,135,-60
-135,85,-60
-28,130,-60
-149,84,-60
-23,123,-60
-136,77,-60
-45,123,-60
-142,84,-60
-25,112,-60
-129,88,-60
-18,142,-60
-129,80,-60
-35,123,-60
-130,75,-60
-16,137,-60
-135,74,-60
-19,147,-60
-133,84,-60
-22,129,-60
-125,77,-60
-32,125,-60
-122,81,-60
-29,130,-60
-133,70,-60
-23,127,-60
-140,82,-60
-21,157,-60
-135,70,-60
-28,136,-60
135,75,-60
-19,130,-60
126,77,-60
-19,130,-60
-122,74,-60
-21,125,-60
-129,70,-60
-35,125,-60
-118,73,-60
-23,123,-60
-126,80,-60
-19,122,-60
-133,82,-60
-39,115,-60
-135,80,-60
-7,130,-60
-132,77,-60
-16,129,-60
-132,90,-60
-30,125,-60
-133,75,-60
-39,113,-60
-123,74,-60
-22,125,-60
-139,70,-60
-21,126,-60
-135,78,-60
-15,140,-60
-127,74,-60
-30,118,-60
-135,81,-60
-16,135,-60
-136,81,-60
-26,125,-60
-125,81,-60
-11,132,-60
-127,80,-60
-18,132,-60
-130,75,-60
-23,125,-60
-140,87,-60
-37,125,-60
-139,88,-60
-30,119,-60
-135,82,-60
-21,125,-60
-132,75,-60
-11,123,-60
-129,73,-60
-22,122,-60
-130,81,-60
-12,136,-60
-144,85,-60
-15,119,-60
-135,87,-60
-21,136,-60
-136,84,-60
-49,113,-60
125,70,-60
-19,122,-60
-136,85,-60
-26,135,-60
-120,81,-60
-22,126,-60
-146,84,-60
-42,104,-60
-137,84,-60
-23,118,-60
-127,74,-60
-19,133,-60
127,77,-60
-22,130,-60
-126,77,-60
-22,140,-60
-129,73,-60
-25,132,-60
-133,85,-60
-18,123,-60
-127,78,-60
-18,135,-60
-129,81,-60
-15,126,-60
-144,82,-60
-36,118,-60
-132,82,-60
-23,132,-60
-126,67,-60
-29,129,-60
-127,75,-60
-26,132,-60
-146,85,-60
-18,120,-60
-130,77,-60
-37,116,-60
-129,81,-60
-35,125,-60
-135,82,-60
-22,149,-60
-129,75,-60
-18,127,-60
-132,91,-60
-25,125,-60
-132,77,-60
-29,120,-60
-139,73,-60
-16,126,-60
-129,74,-60
-25,111,-60
-129,75,-60
-19,132,-60
-129,74,-60
-23,139,-60
130,60,-60
-23,126,-60
-127,82,-60
-19,142,-60
-130,78,-60
-33,129,-60
-123,74,-60
-30,135,-60
-140,92,-60
-28,136,-60
-132,78,-60
-40,112,-60
-125,80,-60
-22,132,-60
136,64,-60
-29,118,-60
-140,94,-60
-21,136,-60
-132,84,-60
-21,140,-60
-130,87,-60
-33,135,-60
-135,81,-60
-30,139,-60
-139,84,-60
-30,123,-60
-142,85,-60
-30,136,-60
-143,90,-60
-26,130,-60
-135,82,-60
-33,127,-60
-147,85,-60
-25,143,-60
-127,68,-60
-12,137,-60
-142,82,-60
-21,133,-60
-130,77,-60
-9,147,-60
-126,80,-60
-23,123,-60
-130,73,-60
-19,125,-60
-133,75,-60
-21,136,-60
123,54,-60
-29,123,-60
122,68,-60
-21,119,-60
-127,84,-60
-28,116,-60
122,80,-60
-26,127,-60
-130,66,-60
-23,115,-60
-125,68,-60
-23,118,-60
-122,87,-60
-40,133,-60
-129,68,-60
-32,118,-60
129,61,-60
-29,123,-60
-123,73,-60
-16,119,-60
-133,80,-60
-29,133,-60
-154,98,-60
-25,133,-60
-139,85,-60
-21,143,-60
-139,70,-60
-18,135,-60
-136,74,-60
-22,139,-60
-126,75,-60
-30,139,-60
-132,80,-60
-26,130,-60
-136,90,-60
-16,129,-60
-132,77,-60
-21,137,-60
-129,81,-60
-9,140,-60
-123,80,-60
-18,125,-60
-142,88,-60
-35,150,-60
-146,81,-60
-18,140,-60
-140,92,-60
-23,119,-60
-132,82,-60
-22,146,-60
-130,70,-60
-37,125,-60
-120,75,-60
-29,123,-60
-119,84,-60
-19,119,-60
-123,73,-60
-25,127,-60
-136,80,-60
-29,118,-60
-135,90,-60
-28,135,-60
-144,85,-60
-42,129,-60
-140,87,-60
-25,132,-60
-136,81,-60
-23,137,-60
-129,85,-60
-30,136,-60
-123,64,-60
-40,132,-60
-122,70,-60
-40,146,-60
-137,82,-60
-15,116,-60
-132,88,-60
-19,123,-60
-129,75,-60
-45,113,-60
-130,70,-60
-32,125,-60
-120,68,-60
-26,132,-60
-123,75,-60
-39,113,-60
-137,78,-60
-22,113,-60
-125,67,-60
-28,126,-60
-137,88,-60
-19,113,-60
-149,21,-45
-16,165,-45
-150,23,-45
-35,129,-45
-153,32,-45
-23,139,-45
-153,39,-45
-16,163,-45
-153,12,-45
-22,154,-45
-158,35,-45
-12,146,-45
-153,16,-45
-25,146,-45
-147,18,-45
-18,158,-45
-150,22,-45
-25,132,-45
-37,14,-45
-32,139,-45
-151,18,-45
-26,150,-45
-163,32,-45
-18,147,-45
-154,28,-45
-8,163,-45
-154,32,-45
-25,158,-45
-153,22,-45
-23,150,-45
-146,26,-45
-18,149,-45
-151,25,-45
-18,151,-45
-151,28,-45
-30,147,-45
-139,25,-45
-9,140,-45
-153,28,-45
-30,144,-45
-154,28,-45
-32,146,-45
-149,26,-45
-11,161,-45
-158,32,-45
-33,147,-45
-153,33,-45
-21,149,-45
-154,19,-45
-26,167,-45
-30,7,-45
-33,156,-45
-157,21,-45
-22,165,-45
-150,19,-45
-18,146,-45
-149,30,-45
-15,163,-45
-142,26,-45
-14,158,-45
-150,15,-45
-14,157,-45
-146,19,-45
-19,146,-45
-146,23,-45
-19,160,-45
-144,22,-45
-23,146,-45
-153,29,-45
-19,154,-45
-153,28,-45
-15,150,-45
-161,36,-45
-19,137,-45
-150,19,-45
-18,151,-45
-150,28,-45
-14,146,-45
-149,21,-45
-21,142,-45
-149,25,-45
-21,143,-45
-158,40,-45
-12,165,-45
-37,8,-45
-12,157,-45
-149,21,-45
-22,147,-45
-150,23,-45
-15,167,-45
-146,25,-45
-21,143,-45
-158,28,-45
-18,164,-45
-153,19,-45
-29,154,-45
-142,23,-45
-21,140,-45
-147,9,-45
-30,142,-45
-30,21,-45
-7,161,-45
-151,29,-45
-23,154,-45
-156,21,-45
-25,146,-45
-154,19,-45
-19,147,-45
-150,9,-45
-23,151,-45
-144,22,-45
-30,139,-45
-151,23,-45
-11,153,-45
-160,26,-45
-22,157,-45
-154,22,-45
-29,143,-45
-165,33,-45
-19,132,-45
-160,30,-45
-23,139,-45
-149,19,-45
-14,158,-45
-146,29,-45
-23,142,-45
-149,23,-45
-5,167,-45
-158,22,-45
-19,153,-45
-144,25,-45
-16,157,-45
-142,23,-45
-21,153,-45
-136,23,-45
-9,160,-45
-153,12,-45
-22,156,-45
-32,16,-45
-12,126,-45
-149,19,-45
-18,133,-45
-154,19,-45
-26,164,-45
-153,19,-45
-19,144,-45
-30,15,-45
-26,144,-45
-151,29,-45
-26,132,-45
-170,42,-45
-18,142,-45
-153,21,-45
-22,151,-45
-156,25,-45
-9,151,-45
-153,18,-45
-23,150,-45
-150,21,-45
-33,149,-45
-157,21,-45
-25,149,-45
-153,18,-45
-33,143,-45
-160,45,-45
-28,156,-45
-158,26,-45
-11,161,-45
-144,25,-45
-25,142,-45
-158,25,-45
-33,147,-45
-33,12,-45
-36,136,-45
-36,11,-45
-39,130,-45
-149,21,-45
-26,140,-45
-144,28,-45
-15,158,-45
-150,26,-45
-23,151,-45
-147,22,-45
-15,143,-45
-158,26,-45
-28,150,-45
-153,22,-45
-18,160,-45
-146,29,-45
-18,158,-45
-153,25,-45
-22,147,-45
-151,12,-45
-18,161,-45
-153,15,-45
-22,144,-45
-157,26,-45
-23,143,-45
-151,15,-45
-22,154,-45
-32,22,-45
-32,126,-45
-140,16,-45
-26,147,-45
-146,29,-45
-28,150,-45
-156,19,-45
-25,144,-45
-151,23,-45
-9,156,-45
-153,26,-45
-19,133,-45
-149,33,-45
-12,154,-45
-149,15,-45
-21,153,-45
-30,25,-45
-25,144,-45
-151,30,-45
-21,153,-45
-156,37,-45
-18,158,-45
-156,45,-45
-21,147,-45
-151,15,-45
-28,157,-45
-147,23,-45
-22,143,-45
-158,25,-45
-12,135,-45
-171,37,-45
-11,142,-45
-150,15,-45
-14,156,-45
-140,15,-45
-32,143,-45
-157,19,-45
-18,130,-45
-157,26,-45
-19,157,-45
-157,30,-45
-21,140,-45
-146,11,-45
-11,147,-45
-161,50,-45
-23,153,-45
-140,26,-45
-15,157,-45
-151,19,-45
-21,168,-45
-146,22,-45
-21,147,-45
-144,18,-45
-23,153,-45
-151,12,-45
-18,147,-45
-167,28,-45
-26,147,-45
-154,30,-45
-19,150,-45
-157,16,-45
-28,139,-45
-144,22,-45
-16,154,-45
-149,39,-45
-19,156,-45
-160,22,-45
-11,157,-45
-160,40,-45
-22,143,-45
-151,16,-45
-19,164,-45
-150,22,-45
-23,167,-45
-154,21,-45
-22,158,-45
-153,12,-45
-19,144,-45
-156,35,-45
-14,140,-45
-160,43,-45
-30,147,-45
-147,19,-45
-22,151,-45
-139,15,-45
-18,153,-45
-156,29,-45
-15,151,-45
-157,22,-45
-8,158,-45
-153,29,-45
-21,147,-45
-156,25,-45
-22,136,-45
-150,25,-45
-37,150,-45
-158,18,-45
-26,130,-45
-153,32,-45
-22,144,-45
-157,42,-45
-15,156,-45
-153,30,-45
-15,164,-45
-150,35,-45
-18,156,-45
-144,23,-45
-18,144,-45
-150,19,-45
-22,147,-45
-37,14,-45
-21,157,-45
-154,15,-45
-29,144,-45
-160,30,-45
-7,167,-45
-146,33,-45
-14,154,-45
-143,32,-45
-26,151,-45
-151,21,-45
-11,158,-45
-144,21,-45
-30,156,-45
-160,29,-45
-25,147,-45
-156,19,-45
-75,174,-45
-149,16,-45
-29,142,-45
-147,21,-45
-30,132,-45
-151,23,-45
-23,143,-45
-158,25,-45
-22,157,-45
-153,29,-45
-22,160,-45
-160,22,-45
-22,132,-45
-153,26,-45
-15,158,-45
-147,21,-45
-16,151,-45
-147,21,-45
-22,156,-45
-32,16,-45
-11,164,-45
-156,23,-45
-21,132,-45
-153,19,-45
-15,151,-45
-147,19,-45
-21,151,-45
-156,22,-45
-39,149,-45
-163,40,-45
-19,149,-45
-147,25,-45
-14,149,-45
-33,19,-45
-14,151,-45
-161,26,-45
-22,150,-45
-154,29,-45
-21,126,-45
-142,25,-45
-32,139,-45
-147,21,-45
-19,158,-45
-157,30,-45
-36,149,-45
-154,29,-45
-15,156,-45
-164,39,-45
-25,150,-45
-151,30,-45
-18,160,-45
-144,30,-45
-21,156,-45
-156,25,-45
-12,158,-45
-160,40,-45
-18,154,-45
-146,19,-45
-23,160,-45
-153,30,-45
-21,157,-45
-156,28,-45
-18,157,-45
-150,23,-45
-22,151,-45
-144,11,-45
-25,140,-45
-160,29,-45
-36,149,-45
-150,25,-45
-22,142,-45
-158,32,-45
-18,157,-45
-160,26,-45
-14,161,-45
-151,18,-45
-32,137,-45
-154,25,-45
-26,153,-45
-156,16,-45
-22,153,-45
-157,23,-45
-14,163,-45
-153,30,-45
-25,140,-45
-147,26,-45
-23,151,-45
-35,25,-45
-12,154,-45
-146,26,-45
-22,153,-45
-154,32,-45
-16,158,-45
-147,16,-45
-23,144,-45
-165,36,-45
-25,140,-45
-32,22,-45
-21,144,-45
-156,33,-45
-30,140,-45
-151,16,-45
-12,146,-45
-149,26,-45
-15,161,-45
-157,28,-45
-16,156,-45
-157,25,-45
-29,133,-45
-157,26,-45
-29,144,-45
-157,23,-45
-23,151,-45
-142,30,-45
-22,157,-45
-160,12,-45
-19,163,-45
-37,12,-45
-16,150,-45
-168,46,-45
-35,151,-45
-154,28,-45
-12,151,-45
-146,30,-45
-18,160,-45
-164,28,-45
-28,143,-45
-139,15,-45
-26,156,-45
-151,18,-45
-22,143,-45
-37,16,-45
-14,156,-45
-158,23,-45
-28,142,-45
-151,28,-45
-28,154,-45
-146,22,-45
-14,167,-45
-137,19,-45
-25,130,-45
-156,18,-45
-25,139,-45
-153,21,-45
-15,140,-45
-168,21,-45
-32,130,-45
-137,30,-45
-33,125,-45
-149,21,-45
-12,154,-45
-150,23,-45
-33,143,-45
-153,18,-45
-19,154,-45
-150,19,-45
-18,157,-45
-150,21,-45
-19,150,-45
-156,12,-45
-28,154,-45
-163,29,-45
-12,151,-45
-158,19,-45
-15,151,-45
-139,21,-45
-16,144,-45
-150,12,-45
-19,161,-45
-143,19,-45
-22,143,-45
-146,30,-45
-9,157,-45
-23,32,-30
-30,54,-30
-18,32,-30
-16,71,-30
-21,23,-30
-23,52,-30
-16,25,-30
-25,61,-30
-11,35,-30
-22,61,-30
-14,25,-30
-16,64,-30
-21,30,-30
-23,59,-30
-29,21,-30
-21,53,-30
-61,57,-30
-14,61,-30
-23,22,-30
-16,61,-30
-26,22,-30
-64,81,-30
-23,18,-30
-23,66,-30
-15,35,-30
-36,42,-30
-16,19,-30
-21,61,-30
-26,23,-30
-19,63,-30
-29,19,-30
-19,66,-30
-35,21,-30
-18,73,-30
-18,32,-30
-22,61,-30
-15,23,-30
-21,63,-30
-22,30,-30
-23,67,-30
-14,37,-30
-21,61,-30
-23,25,-30
-14,64,-30
-14,33,-30
-21,70,-30
-28,25,-30
-21,67,-30
-16,33,-30
-22,75,-30
-23,32,-30
-21,57,-30
-18,25,-30
-21,64,-30
-18,33,-30
-25,56,-30
-21,29,-30
-25,57,-30
-14,26,-30
-29,61,-30
-25,33,-30
-19,63,-30
-16,32,-30
-21,59,-30
-18,23,-30
-29,37,-30
-25,18,-30
-19,59,-30
-14,30,-30
-19,67,-30
-25,29,-30
-21,61,-30
-18,28,-30
-25,50,-30
-35,16,-30
-23,59,-30
-15,40,-30
-26,60,-30
-22,29,-30
-18,59,-30
-23,33,-30
-23,54,-30
-12,28,-30
-21,63,-30
-22,30,-30
-15,66,-30
-21,33,-30
-23,47,-30
-21,18,-30
-18,61,-30
-26,23,-30
-12,60,-30
-18,28,-30
-23,64,-30
-12,28,-30
-32,59,-30
-25,21,-30
-30,46,-30
-14,35,-30
-8,67,-30
-23,18,-30
-29,52,-30
-23,33,-30
-19,50,-30
-16,26,-30
-18,67,-30
-22,16,-30
-9,73,-30
-19,22,-30
-29,42,-30
-18,36,-30
-19,56,-30
-22,23,-30
-23,56,-30
-25,21,-30
-21,63,-30
-18,23,-30
-29,64,-30
-23,26,-30
-18,68,-30
-22,32,-30
-30,61,-30
-14,25,-30
-19,54,-30
-14,22,-30
-23,60,-30
-19,49,-30
-35,42,-30
-21,33,-30
-22,66,-30
-29,39,-30
-26,56,-30
-14,23,-30
-18,52,-30
-16,28,-30
-19,60,-30
-9,32,-30
-18,46,-30
-26,28,-30
-21,61,-30
-22,36,-30
-9,74,-30
-26,25,-30
-23,59,-30
-12,21,-30
-12,68,-30
-25,21,-30
-19,61,-30
-9,28,-30
-29,53,-30
-15,26,-30
-36,39,-30
-21,26,-30
-21,59,-30
-21,46,-30
-16,67,-30
-19,30,-30
-33,46,-30
-16,25,-30
-15,66,-30
-18,29,-30
-22,53,-30
-16,28,-30
-26,53,-30
-12,29,-30
-23,64,-30
-16,25,-30
-23,50,-30
-25,26,-30
-22,63,-30
-16,26,-30
-21,57,-30
-28,21,-30
-15,47,-30
-16,29,-30
-18,60,-30
-9,35,-30
-18,54,-30
-28,22,-30
-14,71,-30
-25,19,-30
-15,66,-30
-23,33,-30
-28,57,-30
-18,18,-30
-30,60,-30
-14,37,-30
-14,67,-30
-23,30,-30
-22,66,-30
-23,23,-30
-12,67,-30
-22,22,-30
-18,68,-30
-22,8,-30
-23,71,-30
-22,32,-30
-21,61,-30
-30,19,-30
-22,59,-30
-14,30,-30
-16,64,-30
-12,42,-30
-21,57,-30
-36,12,-30
-26,47,-30
-18,30,-30
-29,47,-30
-23,22,-30
-29,59,-30
-15,26,-30
-12,64,-30
-15,39,-30
-21,64,-30
-26,29,-30
-57,59,-30
-25,30,-30
-21,60,-30
-12,30,-30
-11,63,-30
-11,23,-30
-14,70,-30
-14,36,-30
-15,54,-30
-14,37,-30
-29,49,-30
-33,25,-30
-14,71,-30
-12,22,-30
-15,64,-30
-11,43,-30
-14,71,-30
-26,16,-30
-14,64,-30
-8,37,-30
-21,57,-30
-26,29,-30
-29,54,-30
-16,22,-30
-18,60,-30
-12,22,-30
-18,70,-30
-28,15,-30
-29,64,-30
-21,18,-30
-15,71,-30
-12,21,-30
-25,68,-30
-21,28,-30
-15,57,-30
-18,21,-30
-22,73,-30
-21,30,-30
-14,63,-30
-8,28,-30
-18,60,-30
-23,14,-30
-28,45,-30
-30,16,-30
-28,64,-30
-22,33,-30
-23,61,-30
-16,39,-30
-23,59,-30
-33,22,-30
-25,63,-30
-32,25,-30
-16,63,-30
-14,33,-30
-18,63,-30
-32,8,-30
-14,73,-30
-26,14,-30
-15,61,-30
-18,14,-30
-18,64,-30
-19,42,-30
-25,43,-30
-25,37,-30
-26,61,-30
-19,28,-30
-18,64,-30
-16,40,-30
-25,61,-30
-12,36,-30
-23,53,-30
-25,25,-30
-37,47,-30
-29,22,-30
-22,57,-30
-21,18,-30
-30,57,-30
-22,23,-30
-22,64,-30
-18,16,-30
-26,49,-30
-11,52,-30
-25,50,-30
-21,18,-30
-16,61,-30
-9,29,-30
-18,63,-30
-21,35,-30
-23,70,-30
-21,18,-30
-7,75,-30
-30,28,-30
-19,56,-30
-16,23,-30
-11,61,-30
-18,28,-30
-35,60,-30
-18,19,-30
-12,68,-30
-14,22,-30
-21,61,-30
-28,22,-30
-16,56,-30
-28,26,-30
-18,80,-30
-8,25,-30
-21,52,-30
-16,15,-30
-28,52,-30
-12,26,-30
-18,64,-30
-19,28,-30
-15,59,-30
-32,15,-30
-12,70,-30
-28,29,-30
-16,64,-30
-8,43,-30
-25,66,-30
-15,45,-30
-19,63,-30
-12,29,-30
-16,56,-30
-23,26,-30
-16,64,-30
-25,19,-30
-22,53,-30
-7,46,-30
-26,54,-30
-14,33,-30
-25,64,-30
-30,16,-30
-21,66,-30
-21,32,-30
-25,68,-30
-18,26,-30
-32,56,-30
-28,14,-30
-22,49,-30
-26,16,-30
-18,54,-30
-21,18,-30
-22,60,-30
-26,16,-30
-23,63,-30
-19,19,-30
-15,71,-30
-23,30,-30
-25,56,-30
-11,26,-30
-25,74,-30
-18,32,-30
-15,61,-30
-36,16,-30
-25,68,-30
-12,22,-30
-18,57,-30
-12,33,-30
-26,49,-30
-23,29,-30
-18,61,-30
-25,39,-30
-18,64,-30
-16,26,-30
-15,61,-30
-15,19,-30
-23,66,-30
-22,18,-30
-25,50,-30
-11,39,-30
-11,68,-30
-21,21,-30
-21,60,-30
-22,22,-30
-14,61,-30
-22,22,-30
-16,64,-30
-16,21,-30
-26,53,-30
-19,23,-30
-18,67,-30
-21,23,-30
-15,61,-30
-28,19,-30
-28,56,-30
-12,39,-30
-26,63,-30
-28,25,-30
-29,64,-30
-19,25,-30
-22,46,-30
-21,29,-30
-16,66,-30
-14,26,-30
-22,56,-30
-32,15,-30
-18,57,-30
-16,35,-30
-15,59,-30
-26,21,-30
-11,63,-30
-23,25,-30
-14,70,-30
-7,39,-30
-18,67,-30
-19,21,-30
-25,50,-30
-18,16,-30
-28,59,-30
-16,32,-30
-26,63,-30
-18,25,-30
-18,68,-30
-22,26,-30
-25,71,-30
-16,45,-30
-15,67,-30
-8,32,-30
-15,64,-30
-19,32,-30
-28,49,-30
-28,23,-30
-16,63,-30
-15,25,-30
-15,64,-30
-22,32,-30
-18,63,-30
-16,33,-30
-23,52,-30
-21,23,-30
-22,54,-30
-15,16,-30
-30,63,-30
-12,40,-30
-21,61,-30
-19,18,-30
-36,50,-30
-18,28,-30
-16,63,-30
-23,19,-30
-19,64,-30
-26,39,-30
-21,57,-30
-14,30,-30
-15,56,-30
-19,36,-30
-18,74,-30
-18,40,-30
-9,73,-30
-15,19,-30
-29,57,-30
-23,21,-30
-18,67,-30
-16,33,-30
-21,56,-30
-19,22,-30
-8,68,-30
-19,25,-30
-25,52,-30
-33,23,-30
-15,53,-30
-26,14,-30
-11,57,-30
-23,21,-30
-14,66,-30
-30,30,-30
-32,43,-30
-22,22,-30
-8,49,-30
-16,15,-30
-26,50,-30
-21,32,-30
-16,63,-30
-22,21,-30
-28,52,-30
-18,25,-30
-21,59,-30
-28,36,-30
-21,61,-30
-19,33,-30
-18,49,-30
-29,15,-30
-15,71,-30
-29,14,-30
-30,59,-30
-33,1,-15
-12,64,-15
-19,4,-15
-14,61,-15
-18,5,-15
-23,42,-15
-22,11,-15
-21,54,-15
-36,9,-15
-18,49,-15
-33,-2,-15
-33,42,-15
-19,7,-15
-8,57,-15
-18,12,-15
-26,59,-15
-30,2,-15
-21,52,-15
-18,9,-15
-25,42,-15
-21,9,-15
-14,66,-15
-12,7,-15
-15,57,-15
-26,2,-15
-9,60,-15
-16,21,-15
-21,40,-15
-23,11,-15
-22,53,-15
-33,8,-15
-29,53,-15
-16,9,-15
-21,63,-15
-15,9,-15
-23,57,-15
-49,-5,-15
-19,61,-15
-22,4,-15
-14,56,-15
-12,11,-15
-22,52,-15
-28,0,-15
-25,46,-15
-15,12,-15
-12,60,-15
-25,9,-15
-32,50,-15
-22,7,-15
-28,66,-15
-15,9,-15
-8,57,-15
-25,2,-15
-14,54,-15
-19,11,-15
-12,64,-15
-11,12,-15
-14,61,-15
-18,4,-15
-21,67,-15
-26,-4,-15
-29,45,-15
-9,16,-15
-12,70,-15
-15,15,-15
-19,54,-15
-23,2,-15
-15,68,-15
-16,16,-15
-21,54,-15
-16,11,-15
-18,46,-15
-30,7,-15
-30,59,-15
-18,9,-15
-23,46,-15
-22,11,-15
-7,71,-15
-12,7,-15
-26,52,-15
-22,9,-15
-19,61,-15
-23,9,-15
-11,59,-15
-21,7,-15
-21,63,-15
-22,1,-15
-12,63,-15
-16,5,-15
-15,56,-15
-30,4,-15
-29,52,-15
-19,4,-15
-15,64,-15
-21,7,-15
-7,75,-15
-9,12,-15
-22,52,-15
-29,8,-15
-29,47,-15
-45,4,-15
-15,56,-15
-33,7,-15
-18,61,-15
-25,5,-15
-15,60,-15
-14,9,-15
-16,59,-15
-16,9,-15
-26,46,-15
-8,33,-15
-22,42,-15
-22,14,-15
-12,67,-15
-21,-1,-15
-16,54,-15
-25,16,-15
-26,50,-15
-28,8,-15
-33,45,-15
-15,19,-15
-25,43,-15
-22,0,-15
-19,43,-15
-21,21,-15
-22,59,-15
-19,11,-15
-12,47,-15
-18,18,-15
-21,60,-15
-23,1,-15
-12,64,-15
-25,-2,-15
-16,67,-15
-28,15,-15
-12,47,-15
-11,22,-15
-8,70,-15
-14,15,-15
-40,56,-15
-12,9,-15
-23,47,-15
-19,12,-15
-35,42,-15
-28,1,-15
-26,43,-15
-12,19,-15
-15,52,-15
-28,15,-15
-19,59,-15
-16,15,-15
-25,56,-15
-14,16,-15
-23,40,-15
-12,11,-15
-16,53,-15
-22,12,-15
-29,60,-15
-15,14,-15
-21,40,-15
-22,7,-15
-22,56,-15
-16,5,-15
-21,56,-15
-15,16,-15
-22,52,-15
-28,9,-15
-23,40,-15
-14,16,-15
-21,61,-15
-16,15,-15
-12,57,-15
-22,-1,-15
-22,35,-15
-23,9,-15
-28,52,-15
-16,9,-15
-26,42,-15
-16,11,-15
-26,57,-15
-16,7,-15
-12,63,-15
-26,15,-15
-5,67,-15
-28,2,-15
-57,87,-15
-22,5,-15
-26,54,-15
-28,7,-15
-15,45,-15
-15,12,-15
-11,68,-15
-26,-1,-15
-23,42,-15
-19,14,-15
-14,53,-15
-21,8,-15
-16,59,-15
-33,-2,-15
-26,35,-15
-53,-4,-15
-23,49,-15
-25,4,-15
-21,54,-15
-14,15,-15
-23,53,-15
-19,19,-15
-14,42,-15
-18,9,-15
-16,56,-15
-12,5,-15
-19,47,-15
-21,7,-15
-23,46,-15
-19,12,-15
-26,56,-15
-11,8,-15
-25,37,-15
-18,7,-15
-18,54,-15
-14,5,-15
-11,61,-15
-19,5,-15
-22,63,-15
-29,8,-15
-21,64,-15
-25,7,-15
-22,49,-15
-21,7,-15
-26,45,-15
-19,9,-15
-18,49,-15
-28,7,-15
-12,67,-15
-15,5,-15
-21,54,-15
-23,9,-15
-18,57,-15
-25,2,-15
-23,54,-15
-15,14,-15
-15,52,-15
-21,4,-15
-21,47,-15
-21,16,-15
-23,50,-15
-18,9,-15
-15,53,-15
-30,9,-15
-19,32,-15
-18,5,-15
-12,53,-15
-21,11,-15
-29,43,-15
-29,4,-15
-16,49,-15
-18,12,-15
-15,67,-15
-12,11,-15
-21,40,-15
-19,21,-15
-28,47,-15
-32,1,-15
-9,57,-15
-26,-2,-15
-15,68,-15
-19,16,-15
-14,42,-15
-18,12,-15
-26,60,-15
-28,4,-15
-18,59,-15
-14,25,-15
-22,52,-15
-35,12,-15
-25,64,-15
-12,18,-15
-26,57,-15
-11,11,-15
-23,56,-15
-22,9,-15
-25,57,-15
-16,21,-15
-32,56,-15
-18,15,-15
-22,42,-15
-14,9,-15
-16,63,-15
-22,14,-15
-30,45,-15
-23,5,-15
-14,66,-15
-11,19,-15
-23,59,-15
-23,12,-15
-33,45,-15
-16,9,-15
-11,66,-15
-28,5,-15
-22,61,-15
-22,7,-15
-29,45,-15
-11,22,-15
-9,70,-15
-28,9,-15
-23,43,-15
-26,7,-15
-22,56,-15
-19,7,-15
-26,46,-15
-14,16,-15
-32,46,-15
-26,4,-15
-33,40,-15
-9,7,-15
-32,39,-15
-18,2,-15
-23,63,-15
-14,15,-15
-14,37,-15
-29,2,-15
-18,57,-15
-25,5,-15
-18,59,-15
-21,11,-15
-12,57,-15
-16,8,-15
-26,61,-15
-22,5,-15
-26,49,-15
-36,8,-15
-19,54,-15
-19,11,-15
-25,39,-15
-19,7,-15
-22,42,-15
-18,8,-15
-25,53,-15
-23,9,-15
-28,64,-15
-12,21,-15
-29,52,-15
-9,11,-15
-16,42,-15
-11,5,-15
-21,47,-15
-11,15,-15
-25,54,-15
-19,15,-15
-19,59,-15
-7,5,-15
-18,66,-15
-9,22,-15
-14,67,-15
-9,18,-15
-19,52,-15
-21,11,-15
-19,53,-15
-23,18,-15
-26,49,-15
-33,8,-15
-19,35,-15
-15,9,-15
-32,49,-15
-23,8,-15
-21,39,-15
-19,9,-15
-30,40,-15
-42,4,-15
-16,67,-15
-25,7,-15
-12,63,-15
-26,14,-15
-19,67,-15
-26,5,-15
-28,42,-15
-23,7,-15
-19,43,-15
-12,14,-15
-18,57,-15
-18,7,-15
-29,63,-15
-26,1,-15
-15,52,-15
-11,12,-15
-25,61,-15
-11,11,-15
-18,47,-15
-21,2,-15
-19,50,-15
-19,5,-15
-15,63,-15
-16,16,-15
-16,46,-15
-22,8,-15
-26,45,-15
-21,21,-15
-21,59,-15
-12,15,-15
-39,19,-15
-19,16,-15
-23,50,-15
-22,1,-15
-19,52,-15
-19,4,-15
-18,57,-15
-30,7,-15
-18,46,-15
-22,2,-15
-19,40,-15
-14,11,-15
-21,59,-15
-28,4,-15
-29,23,-15
-22,4,-15
-18,47,-15
-12,14,-15
-22,56,-15
-19,14,-15
-28,60,-15
-23,0,-15
-18,59,-15
-21,14,-15
-21,46,-15
-15,8,-15
-19,39,-15
-18,14,-15
-26,54,-15
-32,8,-15
-23,66,-15
-12,11,-15
-18,66,-15
-26,1,-15
-28,57,-15
-16,9,-15
-21,61,-15
-18,18,-15
-28,40,-15
-12,4,-15
-25,39,-15
-11,18,-15
-19,40,-15
-18,2,-15
-28,52,-15
-28,-1,-15
-22,43,-15
-32,7,-15
-37,57,-15
-32,1,-15
-26,49,-15
-14,16,-15
-21,45,-15
-14,15,-15
-28,40,-15
-18,19,-15
-25,56,-15
-15,5,-15
-16,60,-15
-28,11,-15
-14,61,-15
-22,12,-15
-15,52,-15
-23,4,-15
-22,42,-15
-18,14,-15
-23,61,-15
-28,4,-15
-28,52,-15
-21,8,-15
-18,36,-15
-18,9,-15
-28,49,-15
-22,4,-15
-16,70,-15
-21,9,-15
-23,53,-15
-15,11,-15
-18,57,-15
-15,18,-15
-22,57,-15
-14,21,-15
-9,68,-15
-23,1,-15
-28,53,-15
-29,14,-15
-28,45,-15
-25,-1,-15
-14,64,-15
-22,18,-15
-32,49,-15
-14,12,-15
-11,60,-15
-5,12,-15
-25,53,-15
-22,11,-15
-8,73,-15
-15,11,-15
-14,57,-15
-25,7,-15
-23,57,-15
-9,-67,0
-19,21,0
-28,-92,0
-14,18,0
-16,-77,0
-22,14,0
-21,-82,0
-19,25,0
-19,-81,0
-11,22,0
-22,-85,0
-29,18,0
-22,-88,0
-22,18,0
-21,-77,0
-19,16,0
-22,-82,0
-21,22,0
-19,-80,0
-21,7,0
-8,-77,0
-7,21,0
-12,-68,0
-11,26,0
-7,-56,0
-15,22,0
-33,-75,0
-26,26,0
-14,-66,0
-28,18,0
-9,-61,0
-21,16,0
-9,-74,0
-19,22,0
-9,-73,0
-11,28,0
-35,-82,0
-26,4,0
-22,-85,0
-26,11,0
-21,-74,0
-15,19,0
-22,-78,0
-18,19,0
-23,-82,0
-16,29,0
-11,-73,0
-26,15,0
-12,-71,0
-22,21,0
-19,-85,0
-29,26,0
-14,-74,0
-16,30,0
-14,-73,0
-23,11,0
-14,-71,0
-21,9,0
-29,-92,0
-28,15,0
-25,-81,0
-35,15,0
-7,-67,0
-29,12,0
-15,-77,0
-22,21,0
-11,-80,0
-12,21,0
-11,-74,0
-15,18,0
-19,-75,0
-15,28,0
-28,-85,0
-18,39,0
-19,-75,0
-9,22,0
-29,-87,0
-22,16,0
-19,-87,0
-19,8,0
-18,-77,0
-33,14,0
-16,-78,0
-32,14,0
-18,-70,0
-28,11,0
-18,-81,0
-14,23,0
-12,-78,0
-16,25,0
-25,-80,0
-16,25,0
-25,-80,0
-16,14,0
-21,-80,0
-15,14,0
-12,-75,0
-28,18,0
-23,-77,0
-33,8,0
-35,-82,0
-22,18,0
-9,-70,0
-21,14,0
-25,-85,0
-15,26,0
-25,-82,0
-16,15,0
-4,-70,0
-16,21,0
-18,-78,0
-14,18,0
-63,-42,0
-11,33,0
-19,-71,0
-19,12,0
-21,-70,0
-16,22,0
-16,-74,0
-21,29,0
-21,-87,0
-25,18,0
-25,-85,0
-16,16,0
-28,-77,0
-19,18,0
-28,-82,0
-9,29,0
-26,-92,0
-32,15,0
-15,-80,0
-25,30,0
-19,-82,0
-12,22,0
-25,-91,0
-18,12,0
-18,-81,0
-29,5,0
-14,-84,0
-14,40,0
-22,-80,0
-21,12,0
-12,-73,0
-18,19,0
-23,-74,0
-14,18,0
-21,-71,0
-22,21,0
-22,-87,0
-16,26,0
-23,-78,0
-21,18,0
-18,-78,0
-29,18,0
-18,-67,0
-18,8,0
-8,-73,0
-14,22,0
-14,-82,0
-22,14,0
-30,-87,0
-30,18,0
-29,-97,0
-18,19,0
-21,-70,0
-19,25,0
-26,-81,0
-9,43,0
-19,-71,0
-9,28,0
-11,-75,0
-25,25,0
-9,-71,0
-11,22,0
-25,-77,0
-22,11,0
-23,-81,0
-15,21,0
-26,-82,0
-15,32,0
-57,-47,0
-23,26,0
-26,-82,0
-21,15,0
-22,-75,0
-18,32,0
-25,-80,0
-21,21,0
-14,-82,0
-23,5,0
-16,-81,0
-22,9,0
-19,-80,0
-19,12,0
-14,-82,0
-26,15,0
-18,-81,0
-30,2,0
-18,-73,0
-8,15,0
-37,-91,0
-18,16,0
-11,-73,0
-18,16,0
-36,-81,0
-26,9,0
-25,-60,0
-15,14,0
-25,-81,0
-15,30,0
-23,-74,0
-14,29,0
-19,-77,0
-18,16,0
-21,-77,0
-33,14,0
-25,-78,0
-8,15,0
-22,-77,0
-19,29,0
-11,-77,0
-23,8,0
-23,-85,0
-26,11,0
-18,-78,0
-30,-1,0
-21,-81,0
-16,15,0
-18,-82,0
-21,7,0
-23,-71,0
-19,15,0
-26,-85,0
-23,12,0
-18,-74,0
-16,22,0
-33,-81,0
-15,23,0
-18,-81,0
-26,18,0
-22,-78,0
-23,19,0
-15,-68,0
-12,25,0
-18,-87,0
-8,52,0
-22,-81,0
-22,11,0
-14,-71,0
-9,29,0
-12,-75,0
-42,14,0
-18,-84,0
-29,19,0
-26,-88,0
-18,33,0
-25,-85,0
-15,21,0
-25,-78,0
-36,18,0
-35,-80,0
-9,14,0
-18,-81,0
-14,18,0
-19,-68,0
-22,11,0
-22,-84,0
-23,14,0
-16,-82,0
-21,19,0
-12,-73,0
-29,5,0
-33,-90,0
-7,18,0
-14,-80,0
-25,14,0
-18,-82,0
-26,9,0
-11,-84,0
-25,15,0
-5,-77,0
-15,22,0
-26,-84,0
-12,18,0
-22,-84,0
-28,7,0
-15,-84,0
-14,16,0
-25,-94,0
-36,8,0
-32,-82,0
-28,19,0
-22,-84,0
-7,26,0
-25,-80,0
-18,7,0
-29,-90,0
-18,22,0
-21,-78,0
-23,11,0
-16,-80,0
-11,23,0
-16,-88,0
-19,18,0
-16,-78,0
-25,16,0
-23,-85,0
-23,15,0
-22,-88,0
-19,9,0
-19,-80,0
-22,5,0
-16,-74,0
-30,8,0
-15,-80,0
-18,26,0
-22,-81,0
-21,21,0
-25,-75,0
-35,12,0
-14,-81,0
-8,22,0
-12,-82,0
-21,11,0
-9,-71,0
-15,14,0
-32,-81,0
-22,12,0
-15,-77,0
-30,4,0
-9,-73,0
-15,21,0
-18,-67,0
-28,14,0
-21,-71,0
-32,19,0
-22,-74,0
-23,7,0
-11,-75,0
-19,11,0
-12,-80,0
-18,22,0
-22,-84,0
-19,12,0
-18,-74,0
-16,19,0
-18,-80,0
-18,18,0
-14,-74,0
-19,22,0
-25,-75,0
-15,16,0
-22,-78,0
-12,28,0
-19,-78,0
-23,22,0
-18,-70,0
-15,22,0
-28,-81,0
-15,12,0
-23,-80,0
-12,50,0
-14,-78,0
-22,14,0
-25,-77,0
-18,19,0
-16,-78,0
-21,8,0
-4,-71,0
-21,14,0
-42,-92,0
-22,12,0
-22,-82,0
-16,18,0
-11,-73,0
-21,35,0
-35,-81,0
-16,12,0
-5,-67,0
-15,21,0
-26,-82,0
-18,23,0
-8,-74,0
-23,15,0
-18,-78,0
-18,9,0
-14,-80,0
-21,15,0
-23,-74,0
-22,15,0
-29,-77,0
-12,11,0
-12,-71,0
-15,18,0
-26,-82,0
-8,21,0
-18,-74,0
-22,8,0
-22,-68,0
-11,26,0
-28,-77,0
-33,11,0
-25,-78,0
-32,14,0
-28,-77,0
-26,2,0
-23,-77,0
-23,11,0
-18,-73,0
-25,16,0
-23,-75,0
-18,26,0
-19,-73,0
-8,19,0
-22,-75,0
-14,33,0
-26,-84,0
-21,12,0
-15,-73,0
-9,23,0
-18,-75,0
-16,15,0
-19,-80,0
-22,8,0
-15,-67,0
-18,16,0
-15,-75,0
-22,15,0
-23,-78,0
-21,26,0
-16,-77,0
-15,14,0
-36,-90,0
-16,21,0
-14,-77,0
-14,23,0
-14,-80,0
-18,11,0
-14,-81,0
-26,12,0
-18,-81,0
-18,22,0
-23,-77,0
-28,1,0
-25,-75,0
-33,16,0
-11,-68,0
-30,15,0
-29,-71,0
-23,12,0
-14,-81,0
-15,16,0
-29,-94,0
-28,5,0
-18,-74,0
-15,23,0
-22,-77,0
-11,36,0
-15,-73,0
-25,8,0
-9,-68,0
-18,15,0
-14,-70,0
-23,11,0
-12,-73,0
-22,12,0
-25,-81,0
-26,8,0
-21,-81,0
-33,8,0
-21,-85,0
-8,22,0
-19,-80,0
-25,9,0
-21,-87,0
-28,7,0
-19,-80,0
-14,29,0
-16,-77,0
-19,14,0
-19,-80,0
-16,15,0
-19,-77,0
-39,11,0
-15,-84,0
-23,12,0
-22,-87,0
-26,14,0
-28,-88,0
-33,11,0
-28,-84,0
-12,12,0
-26,-74,0
-16,23,0
-14,-73,0
-22,12,0
-15,-71,0
-18,18,0
-28,-78,0
-25,11,0
-4,153,15
-14,165,15
-19,150,15
-19,157,15
-18,151,15
-26,163,15
-16,164,15
-11,167,15
-12,163,15
-16,161,15
-22,143,15
-28,161,15
-29,144,15
-18,157,15
-16,153,15
-28,153,15
-18,150,15
-16,165,15
-35,144,15
-29,147,15
-25,157,15
-23,164,15
-12,156,15
-21,153,15
-22,157,15
-18,156,15
-22,143,15
-25,153,15
-35,144,15
-26,156,15
-9,158,15
-7,157,15
-22,156,15
-9,161,15
-18,154,15
-15,163,15
-25,144,15
-9,160,15
-28,154,15
-11,160,15
-21,146,15
-21,154,15
-26,156,15
-21,158,15
-8,147,15
-15,168,15
-19,154,15
-21,170,15
-11,158,15
-23,164,15
-21,165,15
-30,140,15
-4,170,15
-21,161,15
-23,150,15
-18,167,15
-16,163,15
-18,165,15
-28,158,15
-23,161,15
-19,160,15
-14,165,15
-19,147,15
-22,163,15
-21,149,15
-16,160,15
-16,157,15
-18,161,15
-19,149,15
-23,160,15
-19,140,15
-18,168,15
-12,157,15
-21,160,15
-25,170,15
-16,164,15
-7,156,15
-16,164,15
-22,140,15
-28,163,15
-16,168,15
-15,160,15
-14,149,15
-18,167,15
-26,154,15
-15,161,15
-23,136,15
-19,158,15
-22,156,15
-14,163,15
-21,146,15
-16,161,15
-12,160,15
-28,157,15
-37,123,15
-19,165,15
-7,156,15
-16,171,15
-23,153,15
-25,157,15
-25,146,15
-21,161,15
-19,149,15
-22,164,15
-19,147,15
-33,157,15
-11,156,15
-26,157,15
-14,154,15
-25,156,15
-26,140,15
-21,175,15
-16,144,15
-19,165,15
-7,163,15
-28,165,15
-36,146,15
-35,151,15
-25,158,15
-9,165,15
-22,142,15
-15,161,15
-11,157,15
-22,168,15
-16,156,15
-26,151,15
-14,158,15
-23,150,15
-32,129,15
-29,158,15
-29,151,15
-19,168,15
-19,157,15
-30,160,15
-11,156,15
-22,156,15
-12,161,15
-19,164,15
-26,153,15
-25,150,15
-19,161,15
-12,171,15
-22,157,15
-32,161,15
-18,161,15
-12,177,15
-9,150,15
-18,149,15
-23,146,15
-21,167,15
-21,156,15
-11,172,15
-22,156,15
-21,156,15
-23,136,15
-22,153,15
-23,149,15
-22,171,15
-12,156,15
-26,163,15
-21,151,15
-22,160,15
-21,160,15
-21,174,15
-15,150,15
-16,167,15
-35,126,15
-25,156,15
-29,143,15
-15,170,15
-22,135,15
-9,175,15
-14,170,15
-15,164,15
-26,142,15
-23,165,15
-19,158,15
-23,164,15
-16,149,15
-11,167,15
-25,142,15
-23,157,15
-21,153,15
-21,156,15
-23,147,15
-28,158,15
-19,154,15
-21,174,15
-16,143,15
-11,168,15
-18,157,15
-18,167,15
-21,163,15
-11,-180,15
-14,157,15
-22,153,15
-21,137,15
-15,168,15
-29,153,15
-21,158,15
-21,146,15
-19,160,15
-26,151,15
-30,157,15
-37,127,15
-21,171,15
-22,146,15
-16,177,15
-16,158,15
-23,156,15
-25,146,15
-23,164,15
-19,157,15
-29,150,15
-25,143,15
-28,163,15
-25,150,15
-21,160,15
-12,168,15
-18,171,15
-11,151,15
-15,170,15
-25,158,15
-18,168,15
-18,156,15
-8,167,15
-23,147,15
-19,164,15
-18,158,15
-22,160,15
-21,133,15
-39,157,15
-5,160,15
-21,170,15
-9,168,15
-15,161,15
-28,158,15
-35,149,15
-8,157,15
-14,164,15
-25,147,15
-28,160,15
-15,153,15
-16,168,15
-22,142,15
-21,158,15
-12,137,15
-23,157,15
-18,163,15
-22,156,15
-23,139,15
-22,156,15
-39,142,15
-11,174,15
-25,164,15
-22,172,15
-16,160,15
-33,133,15
-21,144,15
-33,147,15
-21,158,15
-23,167,15
-19,142,15
-18,165,15
-9,153,15
-23,160,15
-23,160,15
-18,163,15
-16,160,15
-16,174,15
-14,156,15
-22,165,15
-22,149,15
-28,161,15
-30,146,15
-25,156,15
-30,150,15
-8,164,15
-23,156,15
-21,147,15
-19,150,15
-32,158,15
-18,156,15
-12,174,15
-21,168,15
-21,158,15
-7,164,15
-16,167,15
-28,143,15
-19,161,15
-25,156,15
-18,161,15
-18,150,15
-12,163,15
-28,150,15
-22,163,15
-30,139,15
-25,161,15
-28,136,15
-36,151,15
-22,161,15
-25,168,15
-16,136,15
-9,170,15
-19,149,15
-18,167,15
-16,158,15
-12,167,15
-25,133,15
-28,153,15
-15,158,15
-26,158,15
-29,139,15
-16,165,15
-28,139,15
-36,153,15
-18,157,15
-14,165,15
-25,163,15
-22,160,15
-19,151,15
-26,156,15
-16,164,15
-22,164,15
-19,146,15
-26,170,15
-14,163,15
-12,163,15
-29,146,15
-32,157,15
-29,140,15
-16,-180,15
-11,163,15
-8,172,15
-23,164,15
-39,149,15
-21,151,15
-28,167,15
-25,149,15
-18,167,15
-19,149,15
-7,177,15
-22,136,15
-15,174,15
-29,157,15
-29,163,15
-23,157,15
-19,164,15
-21,150,15
-23,153,15
-25,137,15
-28,158,15
-25,156,15
-22,160,15
-18,143,15
-25,157,15
-21,142,15
-23,163,15
-18,157,15
-37,160,15
-32,149,15
-26,167,15
-18,161,15
-22,171,15
-21,150,15
-30,165,15
-21,150,15
-21,171,15
-19,158,15
-14,172,15
-12,158,15
-23,165,15
-14,165,15
-15,156,15
-29,144,15
-25,168,15
-25,151,15
-22,157,15
-14,158,15
-18,157,15
-33,147,15
-26,165,15
-22,151,15
-28,167,15
-22,157,15
-22,165,15
-33,167,15
-25,165,15
-16,153,15
-30,147,15
-35,156,15
-16,165,15
-14,160,15
-26,163,15
-30,150,15
-19,165,15
-19,153,15
-23,157,15
-18,161,15
-33,158,15
-18,146,15
-14,154,15
-16,150,15
-9,172,15
-18,164,15
-25,161,15
-18,160,15
-16,163,15
-42,122,15
-14,171,15
-28,135,15
-22,161,15
-18,153,15
-25,163,15
-14,144,15
-23,163,15
-22,139,15
-32,153,15
-16,154,15
-14,172,15
-25,146,15
-9,165,15
-19,167,15
-14,165,15
-23,156,15
-19,168,15
-29,143,15
-29,157,15
-26,144,15
-35,164,15
-26,136,15
-21,149,15
-28,146,15
-28,158,15
-46,118,15
-23,157,15
-19,146,15
-12,161,15
-28,158,15
-25,157,15
-18,144,15
-26,165,15
-26,140,15
-22,146,15
-15,147,15
-19,165,15
-18,165,15
-23,154,15
-23,149,15
-21,165,15
-12,161,15
-16,154,15
-9,140,15
-23,153,15
-11,158,15
-21,158,15
-7,149,15
-18,168,15
-30,146,15
-18,163,15
-14,156,15
-23,160,15
-26,156,15
-60,-177,15
-18,156,15
-29,156,15
-14,164,15
-33,154,15
-26,154,15
-26,164,15
-22,142,15
-16,161,15
-14,163,15
-28,156,15
-23,151,15
-14,171,15
-28,127,15
-12,167,15
-19,154,15
-25,157,15
-21,160,15
-22,167,15
-23,139,15
-16,153,15
-33,136,15
-26,161,15
-12,158,15
-15,151,15
-29,129,15
-30,156,15
-22,151,15
-30,160,15
-12,153,15
-22,161,15
-15,151,15
-22,158,15
-18,149,15
-16,168,15
-25,133,15
-21,161,15
-29,-18,30
-15,23,30
-23,-9,30
-16,26,30
-8,-12,30
-11,23,30
-14,-12,30
-26,11,30
-26,-23,30
-21,12,30
-16,-9,30
-18,7,30
-25,-15,30
-12,37,30
-32,-25,30
-11,21,30
-23,-21,30
-23,18,30
-15,-5,30
-14,11,30
-23,-4,30
-21,5,30
-30,-23,30
-16,16,30
-22,-7,30
-16,12,30
-47,-19,30
-14,14,30
-32,-16,30
-25,11,30
-16,-7,30
-9,19,30
-14,-14,30
-8,30,30
-15,-12,30
-21,23,30
-15,-7,30
-26,15,30
-19,-7,30
-16,15,30
-21,-26,30
-21,29,30
-30,-18,30
-16,18,30
-28,-21,30
-23,9,30
-19,-23,30
-35,2,30
-15,-12,30
-29,8,30
-15,-2,30
-12,18,30
-29,-21,30
-21,11,30
-11,-12,30
-15,21,30
-18,-7,30
-29,2,30
-15,-9,30
-22,21,30
-19,-8,30
-23,12,30
-21,-5,30
-23,9,30
-23,-12,30
-22,8,30
-23,-2,30
-21,9,30
-19,-9,30
-23,9,30
-25,-12,30
-35,8,30
-22,-7,30
-25,7,30
-9,1,30
-28,22,30
-19,-14,30
-18,15,30
-19,-4,30
-12,18,30
-18,-15,30
-23,9,30
-26,-29,30
-22,9,30
-26,-11,30
-15,15,30
-19,-14,30
-21,12,30
-12,-2,30
-18,11,30
-16,-16,30
-35,11,30
-8,1,30
-19,14,30
-23,-5,30
-23,25,30
-16,-4,30
-26,21,30
-28,-15,30
-28,14,30
-18,-4,30
-21,18,30
-28,-16,30
-22,26,30
-33,-14,30
-21,23,30
-21,-14,30
-22,16,30
-28,-21,30
-22,5,30
-19,-7,30
-19,21,30
-19,-7,30
-12,35,30
-23,-14,30
-25,11,30
-25,-16,30
-33,16,30
-5,0,30
-25,8,30
-9,-11,30
-28,28,30
-22,-15,30
-29,18,30
-23,-9,30
-35,4,30
-19,-4,30
-16,5,30
-22,-8,30
-21,11,30
-18,-18,30
-18,15,30
-11,-16,30
-19,21,30
-15,-11,30
-21,19,30
-15,-8,30
-11,16,30
-15,-16,30
-18,16,30
-14,-12,30
-37,11,30
-19,-16,30
-30,9,30
-16,-9,30
-30,7,30
-28,-22,30
-26,22,30
-12,-9,30
-11,46,30
-23,-7,30
-23,14,30
-22,-32,30
-15,19,30
-19,-19,30
-16,12,30
-29,-25,30
-21,23,30
-18,-8,30
-28,11,30
-14,-15,30
-19,8,30
-26,-16,30
-18,23,30
-23,-15,30
-18,28,30
-23,-14,30
-16,25,30
-25,-7,30
-30,18,30
-21,-12,30
-11,21,30
-18,-12,30
-16,21,30
-18,-1,30
-19,14,30
-19,-14,30
-21,23,30
-22,-14,30
-19,12,30
-22,-16,30
-25,15,30
-18,-7,30
-21,29,30
-12,-19,30
-16,21,30
-19,-14,30
-11,35,30
-21,-18,30
-18,18,30
-28,-25,30
-26,29,30
-22,-12,30
-19,28,30
-14,-18,30
-22,11,30
-26,-21,30
-25,9,30
-15,-7,30
-25,5,30
-21,-15,30
-29,9,30
-15,-2,30
-23,15,30
-18,-21,30
-23,21,30
-22,-25,30
-8,23,30
-18,-14,30
-12,19,30
-35,-30,30
-32,18,30
-18,-11,30
-23,9,30
-22,-15,30
-16,22,30
-29,-12,30
-12,14,30
-26,-22,30
-22,15,30
-23,-19,30
-22,14,30
-25,-14,30
-30,11,30
-18,-8,30
-12,26,30
-29,-21,30
-32,9,30
-26,-12,30
-23,14,30
-28,-16,30
-25,7,30
-16,-5,30
-36,14,30
-22,-12,30
-15,28,30
-19,-9,30
-21,11,30
-14,-9,30
-18,15,30
-28,-19,30
-33,5,30
-26,-19,30
-21,23,30
-25,-11,30
-23,12,30
-25,-23,30
-28,11,30
-28,-7,30
-18,22,30
-22,-23,30
-26,14,30
-21,-5,30
-23,19,30
-16,-7,30
-23,12,30
-15,-14,30
-18,18,30
-21,-15,30
-70,39,30
-25,-8,30
-25,8,30
-19,-9,30
-26,16,30
-19,-8,30
-14,22,30
-15,-5,30
-14,26,30
-22,-11,30
-23,15,30
-22,-5,30
-18,15,30
-23,-9,30
-25,8,30
-18,-7,30
-18,19,30
-21,-14,30
-19,7,30
-21,-15,30
-33,7,30
-23,-5,30
-30,7,30
-12,-12,30
-28,8,30
-22,-15,30
-15,14,30
-11,-12,30
-11,25,30
-5,-7,30
-9,25,30
-15,-5,30
-14,29,30
-18,-8,30
-19,19,30
-26,-9,30
-22,15,30
-19,-12,30
-21,15,30
-19,-8,30
-22,16,30
-22,-16,30
-26,29,30
-26,-4,30
-19,21,30
-21,-18,30
-14,19,30
-18,-9,30
-19,9,30
-23,-21,30
-26,4,30
-32,-18,30
-26,9,30
-16,-16,30
-23,19,30
-21,-14,30
-21,16,30
-23,0,30
-12,14,30
-15,-12,30
-19,12,30
-18,-18,30
-29,11,30
-21,-16,30
-18,5,30
-12,-7,30
-14,32,30
-21,-9,30
-26,15,30
-21,-22,30
-14,22,30
-21,-4,30
-23,15,30
-26,-18,30
-19,9,30
-35,-23,30
-18,21,30
-7,-5,30
-19,11,30
-23,-15,30
-37,15,30
-28,-11,30
-35,7,30
-12,-9,30
-18,18,30
-18,-4,30
-11,28,30
-30,-8,30
-33,15,30
-21,-7,30
-14,14,30
-28,-8,30
-12,18,30
-18,-11,30
-18,22,30
-21,-2,30
-23,8,30
-23,-11,30
-22,12,30
-18,-15,30
-23,18,30
-16,-1,30
-12,19,30
-26,-15,30
-19,16,30
-19,-5,30
-19,14,30
-16,-21,30
-19,19,30
-18,-5,30
-26,11,30
-25,-14,30
-29,16,30
-25,-19,30
-35,5,30
-22,-2,30
-16,14,30
-25,-4,30
-19,15,30
-19,-11,30
-9,23,30
-26,-16,30
-22,22,30
-19,-4,30
-22,14,30
-9,-5,30
-14,14,30
-25,-8,30
-21,22,30
-19,-16,30
-19,16,30
-26,-12,30
-23,15,30
-26,-12,30
-5,22,30
-12,-18,30
-18,15,30
-21,-5,30
-23,21,30
-18,-11,30
-21,12,30
-25,-16,30
-22,15,30
-23,-15,30
-15,18,30
-22,-9,30
-12,16,30
-11,-5,30
-21,14,30
-29,-22,30
-22,15,30
-30,-26,30
-18,15,30
-16,-18,30
-19,21,30
-25,-19,30
-21,15,30
-25,-9,30
-9,22,30
-30,-12,30
-22,14,30
-18,-12,30
-16,15,30
-35,-22,30
-11,19,30
-22,-18,30
-35,2,30
-21,-9,30
-14,5,30
-23,-16,30
-35,23,30
-16,-5,30
-21,11,30
-8,-5,30
-30,11,30
-26,-11,30
-19,19,30
-26,-22,30
-25,15,30
-19,-12,30
-14,18,30
-14,-21,30
-23,11,30
-8,-16,30
-21,25,30
-21,-21,30
-28,11,30
-28,-12,30
-19,18,30
-25,-29,30
-12,22,30
-18,-23,30
-15,18,30
-15,-9,30
-22,14,30
-23,-21,30
-19,23,30
-12,-5,30
-21,15,30
-19,-18,30
-18,16,30
-26,-21,30
-8,33,30
-16,-5,30
-28,12,30
-21,-15,30
-28,12,30
-26,-23,30
-8,12,30
-19,-7,30
-23,7,30
-25,-23,30
-32,12,30
-22,-23,30
-15,18,30
-23,-12,30
-21,11,30
-36,-22,30
-15,22,30
-25,-16,30
-14,9,30
-23,-25,30
-35,11,30
-16,-11,30
-18,35,30
-29,-21,30
-15,11,30
-11,-19,30
-18,16,30
-21,-19,30
-26,21,30
-25,-14,30
-16,9,30
-18,-9,30
-18,22,30
-14,-23,30
-16,18,30
-25,-25,30
-14,12,30
-12,-8,30
-22,14,30
-35,30,45
-130,0,45
-15,33,45
-135,8,45
-22,37,45
-144,9,45
-21,28,45
-129,-4,45
-30,36,45
-132,8,45
-15,28,45
-146,14,45
-30,29,45
-146,-1,45
-22,32,45
-139,0,45
-30,39,45
-144,11,45
-29,25,45
-142,7,45
-23,37,45
-140,5,45
-18,36,45
-125,-4,45
-36,16,45
-129,1,45
-15,28,45
-153,7,45
-26,23,45
-136,2,45
-15,36,45
-137,2,45
-19,54,45
-168,11,45
-12,42,45
-135,9,45
-28,30,45
-150,11,45
-8,35,45
-140,2,45
-28,14,45
-135,-2,45
-25,39,45
-140,9,45
-18,28,45
-137,8,45
-22,26,45
-135,5,45
-8,49,45
-142,7,45
-25,26,45
-133,2,45
-25,42,45
-142,1,45
-26,22,45
-135,7,45
-28,36,45
-144,11,45
-14,40,45
-139,9,45
-16,50,45
-129,-8,45
-21,25,45
-133,-2,45
-19,35,45
-133,8,45
-32,36,45
-140,1,45
-36,18,45
-136,1,45
-32,26,45
-133,-1,45
-21,23,45
-163,11,45
-33,19,45
-136,-4,45
-14,50,45
-136,4,45
-28,33,45
-137,-4,45
-19,50,45
-150,1,45
-28,28,45
-136,1,45
-30,32,45
-149,1,45
-15,36,45
-147,8,45
-23,23,45
-130,-1,45
-21,42,45
-143,7,45
-23,46,45
-127,-5,45
-30,19,45
-137,1,45
-16,23,45
-139,0,45
-16,43,45
-153,2,45
-32,23,45
-142,12,45
-23,19,45
-140,-1,45
-32,26,45
-139,4,45
-23,26,45
-133,-11,45
-22,35,45
-125,5,45
-18,25,45
-146,4,45
-19,32,45
-137,2,45
-32,2,45
-143,11,45
-29,14,45
-144,1,45
-21,36,45
-136,-4,45
-45,22,45
-135,-7,45
-11,52,45
-122,-4,45
-26,56,45
-144,9,45
-23,30,45
-133,9,45
-25,35,45
-136,-1,45
-39,25,45
-150,2,45
-21,45,45
-142,9,45
-11,57,45
-142,-1,45
-18,43,45
-143,5,45
-25,32,45
-135,4,45
-30,21,45
-140,8,45
-18,29,45
-132,1,45
-15,33,45
-136,7,45
-15,21,45
-132,4,45
-32,25,45
-147,1,45
-25,28,45
-142,8,45
-26,23,45
-136,2,45
-26,29,45
-146,8,45
-16,52,45
-136,-1,45
-26,26,45
-143,12,45
-21,56,45
-130,-4,45
-25,36,45
-140,4,45
-22,28,45
-122,-1,45
-22,25,45
-146,7,45
-19,28,45
-140,9,45
-28,53,45
-126,0,45
-21,25,45
-136,5,45
-25,36,45
-130,4,45
-18,29,45
-132,4,45
-26,29,45
-140,1,45
-14,36,45
-135,7,45
-19,25,45
-129,-1,45
-23,39,45
-130,-7,45
-19,53,45
-144,4,45
-16,56,45
-126,-4,45
-19,33,45
137,1,45
-16,29,45
-133,-1,45
-33,22,45
-129,0,45
-32,19,45
-129,0,45
-14,26,45
-122,-4,45
-21,21,45
-144,1,45
-19,33,45
-139,1,45
-8,25,45
-139,1,45
-14,39,45
-139,2,45
-8,49,45
-135,0,45
-18,43,45
-139,-4,45
-23,30,45
-130,0,45
-25,23,45
-135,11,45
-18,30,45
-129,-7,45
-19,30,45
-130,4,45
-15,33,45
-135,4,45
-19,39,45
-140,0,45
-16,19,45
-129,-5,45
-11,37,45
-153,9,45
-26,15,45
-139,1,45
-15,42,45
-143,9,45
-23,26,45
-126,2,45
-25,25,45
-142,4,45
-29,21,45
-132,-5,45
-32,36,45
-133,1,45
-16,39,45
-136,2,45
-30,36,45
-139,5,45
-14,35,45
-136,-7,45
-23,37,45
-127,-9,45
-19,37,45
-151,2,45
-18,36,45
-136,14,45
-29,14,45
-139,-1,45
-18,26,45
-126,-1,45
-19,33,45
-139,2,45
-16,29,45
-146,7,45
-14,37,45
-137,7,45
-37,19,45
-125,2,45
-15,23,45
-130,-9,45
-11,25,45
-137,5,45
-16,37,45
-135,-1,45
-16,30,45
-144,14,45
-19,33,45
-139,7,45
-12,37,45
-127,7,45
-16,43,45
-133,11,45
-30,21,45
-132,9,45
-19,33,45
-137,8,45
-29,33,45
-132,2,45
-16,35,45
-133,11,45
-19,23,45
-133,7,45
-26,19,45
-142,4,45
-15,33,45
-143,8,45
-23,32,45
-127,0,45
-22,26,45
-119,-4,45
-19,28,45
-119,-1,45
-28,28,45
-129,12,45
-18,35,45
-126,4,45
-25,40,45
-137,2,45
-16,29,45
-126,-2,45
-12,59,45
-147,5,45
-22,25,45
-137,5,45
-26,30,45
-136,-1,45
-21,37,45
-144,12,45
-33,29,45
-139,0,45
-33,29,45
-125,-8,45
-12,30,45
-143,8,45
-22,19,45
-136,9,45
-35,25,45
-136,7,45
-23,35,45
-132,5,45
-21,32,45
-139,14,45
-15,23,45
-139,5,45
-19,29,45
-143,0,45
-12,49,45
-140,-1,45
-22,42,45
-139,4,45
-25,26,45
-139,5,45
-15,35,45
-142,1,45
-30,33,45
-140,2,45
-4,57,45
-126,-1,45
-30,26,45
-140,8,45
-15,30,45
-135,-4,45
-22,29,45
-129,2,45
-18,36,45
-136,4,45
-23,26,45
-143,7,45
-25,30,45
-146,8,45
-33,21,45
-133,2,45
-18,35,45
-142,-2,45
-30,32,45
-126,-5,45
-18,35,45
-126,5,45
-19,33,45
-143,-2,45
-16,47,45
-135,-2,45
-28,28,45
-140,2,45
-25,23,45
-132,0,45
-18,45,45
-137,0,45
-19,37,45
135,-5,45
-23,26,45
-135,4,45
-26,22,45
-149,2,45
-22,26,45
-142,5,45
-22,36,45
-140,8,45
-21,33,45
-156,14,45
-5,36,45
-154,11,45
-23,15,45
-140,0,45
-30,33,45
-132,0,45
-36,28,45
-143,21,45
-12,54,45
-133,4,45
-33,19,45
-129,0,45
-16,35,45
-139,0,45
-21,33,45
-136,-2,45
-18,32,45
-137,0,45
-19,29,45
-140,5,45
-15,30,45
-126,1,45
-15,25,45
-146,12,45
-22,39,45
-154,5,45
-26,29,45
-139,1,45
-9,63,45
-126,1,45
-25,23,45
-129,2,45
-28,22,45
-139,7,45
-23,49,45
-144,8,45
-4,49,45
-123,-5,45
-14,49,45
-133,-2,45
-18,26,45
-143,1,45
-9,32,45
-149,7,45
-28,22,45
-133,4,45
-28,19,45
-146,7,45
-14,33,45
-142,8,45
-22,37,45
-123,-1,45
-19,25,45
-133,-1,45
-15,32,45
-136,4,45
-26,32,45
-139,-5,45
-14,22,45
-137,-1,45
-25,25,45
-135,-7,45
-21,19,45
-125,-8,45
-21,35,45
-146,12,45
-25,37,45
-135,7,45
-23,26,45
-149,11,45
-23,19,45
-143,9,45
-21,21,45
-136,5,45
-19,32,45
-147,14,45
-9,37,45
-125,-2,45
-30,30,45
-139,1,45
-28,21,45
-139,8,45
-25,35,45
-125,-4,45
-16,47,45
-146,-4,45
-15,43,45
-132,-7,45
-9,39,45
-132,4,45
-18,33,45
-130,1,45
-23,30,45
-137,-4,45
-28,22,45
-149,9,45
-18,32,45
-135,1,45
-12,36,45
-137,4,45
-9,30,45
-137,5,45
-32,18,45
-129,0,45
-9,57,45
-130,-1,45
-23,23,45
-133,7,45
-26,14,45
-129,-2,45
-14,32,45
-147,12,45
-16,35,45
-126,-1,45
-22,174,60
-99,28,60
-28,168,60
-98,39,60
-26,154,60
-97,28,60
-19,168,60
102,40,60
-16,160,60
-97,19,60
-35,165,60
-95,42,60
-19,163,60
-92,29,60
-26,165,60
-101,33,60
-22,161,60
99,22,60
-1,-177,60
98,25,60
-15,171,60
105,33,60
-21,161,60
-91,35,60
-23,163,60
97,16,60
-36,163,60
-101,22,60
-29,163,60
132,21,60
-15,174,60
-90,22,60
-26,168,60
-99,33,60
-8,177,60
102,30,60
-25,157,60
115,33,60
-26,168,60
105,30,60
-16,180,60
-99,37,60
-19,161,60
-97,36,60
-29,165,60
102,29,60
-19,160,60
-99,35,60
-18,170,60
-85,36,60
-26,168,60
-94,39,60
-16,167,60
-98,35,60
-18,171,60
-98,37,60
-21,164,60
-97,30,60
-23,160,60
-97,43,60
-28,157,60
104,28,60
-28,154,60
-95,43,60
-14,167,60
-101,25,60
54,146,60
-91,26,60
-16,163,60
-94,26,60
-11,160,60
-98,28,60
-32,168,60
-101,23,60
-28,165,60
-94,28,60
-18,156,60
-98,33,60
-16,161,60
-87,29,60
-14,175,60
-95,42,60
-22,168,60
108,29,60
-23,177,60
-101,26,60
-16,167,60
-97,29,60
-14,168,60
109,36,60
-18,167,60
-99,36,60
-35,160,60
-99,26,60
-23,150,60
-99,37,60
-15,175,60
-92,36,60
-19,172,60
-99,45,60
-35,157,60
-99,32,60
-21,175,60
-97,22,60
-18,171,60
-91,26,60
-23,168,60
-99,23,60
-18,175,60
-91,26,60
-15,167,60
-101,33,60
-19,170,60
101,25,60
-30,165,60
-91,33,60
-26,157,60
-99,36,60
-19,168,60
101,28,60
-12,161,60
104,35,60
-15,170,60
99,29,60
-14,165,60
104,22,60
-21,171,60
-101,39,60
-11,170,60
-97,35,60
-23,163,60
-84,39,60
-15,180,60
-98,37,60
-30,154,60
-97,30,60
-11,171,60
-95,37,60
-29,158,60
102,29,60
-33,158,60
113,29,60
-12,172,60
-99,40,60
-30,165,60
-91,32,60
-15,164,60
101,26,60
-16,154,60
-98,35,60
-23,170,60
-98,42,60
-18,167,60
102,46,60
-22,170,60
101,18,60
-19,172,60
-101,26,60
-35,151,60
119,33,60
-23,163,60
-97,32,60
-29,164,60
-97,32,60
-18,175,60
-102,30,60
-22,160,60
-91,35,60
-26,168,60
109,16,60
-16,-172,60
101,35,60
-16,170,60
108,22,60
-18,171,60
-102,26,60
-25,150,60
-104,32,60
-21,167,60
-97,26,60
-14,164,60
-99,33,60
-21,177,60
-99,40,60
-25,174,60
-94,30,60
-18,157,60
-97,35,60
-21,170,60
102,29,60
-16,165,60
115,23,60
-14,167,60
-98,45,60
-33,167,60
-105,33,60
-18,177,60
-98,32,60
-23,167,60
-101,28,60
-15,168,60
-97,37,60
-11,177,60
102,19,60
-18,165,60
-97,29,60
-15,-168,60
-90,33,60
-18,164,60
-97,36,60
-28,170,60
-98,28,60
-26,163,60
-97,32,60
-18,161,60
-101,23,60
-18,163,60
-94,35,60
-25,161,60
-90,37,60
-16,171,60
-99,33,60
-45,154,60
-97,28,60
-26,168,60
-95,33,60
-21,160,60
-98,22,60
-12,174,60
-104,25,60
-40,168,60
-97,33,60
-15,178,60
-101,28,60
-21,171,60
-92,39,60
-18,163,60
102,23,60
-12,174,60
-94,50,60
-28,156,60
-98,30,60
-18,170,60
-102,32,60
-25,163,60
-97,35,60
-21,171,60
99,26,60
-29,160,60
-82,29,60
-7,175,60
105,19,60
-21,170,60
105,37,60
-14,172,60
-95,39,60
-19,175,60
-90,30,60
-29,164,60
-92,49,60
-14,177,60
-94,40,60
-29,154,60
101,40,60
-29,171,60
-97,33,60
-21,165,60
-99,32,60
-30,161,60
-98,33,60
-22,163,60
105,25,60
-19,160,60
-95,35,60
-18,175,60
-99,36,60
-21,165,60
-101,28,60
-25,174,60
101,33,60
-22,-177,60
102,19,60
-28,171,60
111,23,60
-22,177,60
-94,30,60
-16,160,60
-91,40,60
-2,-170,60
-104,42,60
-33,161,60
-98,33,60
-22,165,60
-92,28,60
-25,164,60
-102,39,60
-26,170,60
-95,32,60
-22,178,60
-99,39,60
-26,160,60
-101,33,60
-21,168,60
-99,40,60
-22,160,60
105,28,60
-9,178,60
-98,29,60
-12,174,60
99,28,60
-33,164,60
-98,25,60
-25,158,60
-95,42,60
-14,167,60
109,22,60
-29,153,60
-98,33,60
-19,168,60
-105,33,60
-28,161,60
102,30,60
-18,170,60
-98,30,60
-21,175,60
102,30,60
-14,178,60
-97,33,60
-21,164,60
-99,28,60
-23,168,60
-104,49,60
-26,171,60
-102,23,60
-22,168,60
-88,39,60
-18,178,60
-101,42,60
-26,164,60
-87,35,60
-21,171,60
-97,23,60
-15,174,60
-98,32,60
-25,168,60
104,26,60
-22,163,60
-101,46,60
-11,180,60
-95,40,60
-21,167,60
106,35,60
-18,174,60
-98,43,60
-9,175,60
-105,21,60
-26,156,60
-88,40,60
-11,167,60
-99,30,60
-14,172,60
-94,29,60
-19,160,60
97,29,60
-21,177,60
-98,32,60
-15,174,60
-92,32,60
-18,174,60
99,26,60
-22,156,60
-90,39,60
-19,175,60
-95,25,60
-12,168,60
-95,25,60
-7,165,60
105,23,60
-14,175,60
-98,40,60
-23,172,60
-81,54,60
-19,164,60
-99,40,60
-21,171,60
-92,35,60
-18,174,60
118,18,60
-28,171,60
-95,28,60
-18,164,60
99,23,60
-22,165,60
-94,47,60
-22,164,60
120,23,60
-19,165,60
98,26,60
-18,170,60
-99,37,60
-15,174,60
-99,45,60
-22,167,60
-101,32,60
-14,168,60
-94,46,60
-28,158,60
-95,29,60
-19,171,60
106,26,60
-26,167,60
-95,57,60
-26,165,60
105,26,60
-26,167,60
-98,33,60
-25,163,60
-101,16,60
-25,160,60
101,28,60
-19,171,60
-97,28,60
-35,168,60
102,35,60
-15,157,60
104,28,60
-23,171,60
-98,29,60
-12,172,60
-101,33,60
-26,157,60
-91,30,60
-18,-180,60
-92,26,60
-9,178,60
-98,39,60
-12,174,60
-98,36,60
-16,164,60
-97,39,60
-16,172,60
-94,25,60
-8,170,60
-97,29,60
-23,165,60
105,40,60
-15,163,60
-99,28,60
-22,171,60
-95,40,60
-19,161,60
-94,23,60
-36,174,60
-90,40,60
-33,167,60
-92,29,60
-14,163,60
-95,30,60
-18,174,60
-98,37,60
-21,177,60
-90,42,60
-15,171,60
104,29,60
-26,160,60
-99,40,60
-14,163,60
126,18,60
-14,174,60
-94,30,60
-9,168,60
106,23,60
-14,163,60
-91,37,60
-29,170,60
108,29,60
-26,163,60
-97,32,60
-11,174,60
-88,42,60
-14,163,60
-97,29,60
-22,164,60
104,35,60
-9,165,60
105,23,60
-16,177,60
-95,39,60
-15,175,60
-99,29,60
-16,-177,60
108,23,60
-25,164,60
-97,21,60
-22,160,60
106,18,60
-39,158,60
-98,28,60
-26,164,60
-97,35,60
-26,-127,75
-144,36,75
-28,-116,75
-143,22,75
-16,-120,75
-146,28,75
-32,-127,75
-151,37,75
-19,-123,75
-146,30,75
-18,-122,75
-154,35,75
-23,-140,75
-144,33,75
-22,-120,75
-142,29,75
-26,-123,75
-147,28,75
-22,-123,75
-151,40,75
-28,-122,75
-151,43,75
-25,-129,75
-144,33,75
-15,-126,75
-151,45,75
-21,-122,75
-142,30,75
-25,-137,75
-157,30,75
-32,-154,75
-146,36,75
-19,-125,75
-146,40,75
-23,-120,75
-151,19,75
-21,-126,75
-156,32,75
-25,-123,75
-151,47,75
-16,-126,75
-142,23,75
-22,-119,75
-151,32,75
-21,-126,75
-147,36,75
-11,-136,75
-142,32,75
-8,-106,75
-143,32,75
-21,-112,75
-147,37,75
-25,-123,75
-140,36,75
-18,-112,75
-149,37,75
-9,-111,75
-153,39,75
-21,-135,75
-144,29,75
-8,-111,75
-142,25,75
-22,-108,75
-149,47,75
-25,-130,75
-165,37,75
-14,-125,75
-143,29,75
-23,-123,75
-147,36,75
-35,-126,75
-151,22,75
-18,-127,75
-140,25,75
-21,-129,75
-147,29,75
-16,-118,75
-135,26,75
-28,-125,75
-140,33,75
-18,-127,75
-143,30,75
-19,-140,75
-149,26,75
-25,-129,75
-150,45,75
-12,-116,75
-146,32,75
-28,-118,75
-139,29,75
-22,-137,75
-143,28,75
-21,-130,75
-147,25,75
-15,-130,75
-146,32,75
-23,-127,75
-139,37,75
-15,-115,75
-163,45,75
-22,-126,75
-157,35,75
-28,-119,75
-147,29,75
-15,-123,75
-147,32,75
-21,-123,75
-142,25,75
-15,-120,75
-149,36,75
-21,-132,75
-150,50,75
-16,-123,75
-150,30,75
-29,-125,75
-133,30,75
-22,-122,75
-146,32,75
-22,-123,75
-144,35,75
-11,-118,75
-158,50,75
-16,-112,75
-146,28,75
-21,-116,75
-144,29,75
-21,-126,75
-147,37,75
0,-108,75
-149,36,75
-29,-123,75
-150,29,75
-19,-118,75
-143,45,75
-21,-119,75
-151,37,75
-26,-125,75
-151,37,75
-22,-137,75
-140,47,75
-15,-108,75
-143,22,75
-16,-115,75
-149,33,75
-22,-125,75
-140,28,75
-26,-137,75
-151,39,75
-23,-120,75
-143,40,75
-28,-126,75
-150,36,75
-14,-127,75
-147,37,75
-23,-132,75
-137,26,75
-15,-116,75
-156,52,75
-45,-140,75
-146,39,75
-22,-123,75
-154,43,75
-29,-133,75
-153,42,75
-15,-111,75
-157,50,75
-18,-116,75
-154,36,75
-23,-118,75
-150,35,75
-19,-115,75
-160,54,75
-28,-130,75
-151,36,75
-25,-127,75
-144,26,75
-16,-137,75
-151,32,75
-26,-127,75
-149,32,75
-9,-108,75
-143,22,75
-16,-120,75
-144,25,75
-14,-116,75
-160,42,75
-22,-118,75
-143,29,75
-4,-102,75
-143,49,75
-21,-120,75
-142,47,75
-33,-160,75
-154,45,75
-12,-126,75
-142,33,75
-22,-122,75
-143,32,75
-43,-146,75
-151,47,75
-26,-129,75
-142,36,75
-5,-105,75
-147,22,75
-12,-120,75
-143,30,75
-21,-126,75
-143,40,75
-22,-116,75
-140,26,75
-28,-122,75
-140,25,75
-16,-109,75
-143,29,75
-33,-147,75
-147,32,75
-23,-132,75
-146,30,75
-18,-126,75
-156,36,75
-28,-122,75
-135,25,75
-14,-113,75
-143,21,75
-18,-108,75
-144,23,75
-28,-143,75
-149,39,75
-25,-133,75
-147,29,75
-22,-119,75
-147,40,75
-19,-129,75
-143,25,75
-33,-147,75
-146,30,75
-11,-116,75
-143,25,75
-16,-130,75
-154,45,75
-25,-126,75
-157,52,75
-35,-143,75
-150,39,75
-18,-116,75
-146,30,75
-22,-129,75
-161,43,75
-19,-122,75
-160,50,75
-16,-122,75
-143,43,75
-23,-112,75
-147,26,75
-19,-147,75
-151,32,75
-16,-126,75
-153,49,75
-9,-115,75
-140,23,75
-21,-125,75
-149,32,75
-23,-133,75
-144,32,75
-23,-133,75
-146,26,75
-18,-135,75
-146,29,75
-28,-135,75
-143,29,75
-21,-120,75
-143,16,75
-16,-125,75
-139,35,75
-29,-126,75
-144,26,75
-26,-115,75
-153,35,75
-21,-115,75
-142,30,75
-19,-120,75
-150,52,75
-16,-123,75
-144,25,75
-28,-111,75
-150,45,75
-14,-111,75
-150,32,75
-5,-113,75
-142,30,75
-21,-118,75
-146,36,75
-19,-118,75
-153,53,75
-22,-112,75
-150,35,75
-16,-116,75
-150,42,75
-22,-143,75
-149,35,75
-22,-139,75
-144,29,75
-26,-143,75
-144,42,75
-15,-122,75
-144,37,75
-23,-140,75
-144,35,75
-16,-126,75
-150,33,75
-21,-129,75
-144,40,75
-14,-123,75
-140,25,75
-36,-149,75
-144,42,75
-12,-119,75
-151,39,75
-14,-109,75
-151,36,75
-35,-142,75
-147,29,75
-15,-125,75
-137,29,75
-15,-115,75
-146,33,75
-18,-122,75
-150,42,75
-30,-123,75
-142,43,75
-16,-119,75
-160,49,75
-32,-150,75
-142,25,75
-23,-137,75
-140,33,75
-22,-125,75
-139,32,75
-19,-122,75
-139,22,75
-22,-142,75
-137,16,75
-18,-116,75
-137,32,75
-14,-125,75
-154,45,75
-26,-135,75
-149,46,75
-40,-139,75
-137,32,75
-9,-133,75
-154,53,75
-21,-119,75
-143,32,75
-12,-132,75
-160,47,75
-21,-129,75
-137,22,75
-19,-146,75
-143,22,75
-18,-126,75
-150,37,75
-30,-126,75
-140,19,75
-21,-139,75
-157,29,75
-28,-115,75
-137,18,75
-29,-129,75
-144,35,75
-25,-122,75
-147,35,75
-25,-118,75
-161,53,75
-21,-139,75
-160,40,75
-21,-123,75
-146,33,75
-26,-133,75
-146,42,75
-33,-136,75
-150,43,75
-18,-140,75
-149,28,75
-22,-125,75
-150,40,75
-21,-119,75
-158,36,75
-16,-119,75
-142,37,75
-28,-129,75
-149,47,75
-19,-112,75
-144,43,75
-16,-127,75
-139,23,75
-7,-106,75
-149,30,75
-19,-125,75
-142,29,75
-25,-127,75
-143,23,75
-32,-125,75
-142,42,75
-19,-119,75
-151,50,75
-16,-120,75
-150,45,75
-28,-127,75
-144,30,75
-19,-116,75
-149,33,75
-16,-130,75
-142,29,75
-15,-113,75
-149,45,75
-39,-154,75
-144,39,75
-21,-116,75
-153,29,75
-26,-120,75
-153,36,75
-36,-130,75
-143,30,75
-35,-144,75
-164,50,75
-14,-123,75
-167,40,75
-11,-104,75
-147,30,75
-23,-126,75
-142,30,75
-15,-133,75
-146,35,75
-18,-108,75
-143,43,75
-18,-120,75
-161,53,75
-23,-132,75
-147,22,75
-12,-104,75
-142,23,75
-29,-126,75
-143,19,75
-23,-130,75
-142,28,75
-19,-120,75
-149,40,75
-14,-126,75
-153,52,75
-28,-147,75
-140,16,75
-33,-136,75
-140,30,75
-35,-136,75
-147,35,75
-21,-122,75
-150,37,75
-22,-119,75
-146,26,75
-9,-123,75
-147,45,75
-15,-125,75
-151,33,75
-30,-136,75
-157,36,75
-18,-118,75
-140,18,75
-29,-132,75
-150,35,75
-11,-111,75
-151,32,75
-18,-144,75
-146,39,75
-29,-143,75
-156,32,75
-23,-126,75
-144,43,75
-14,-126,75
-156,59,75
-16,-129,75
-160,46,75
-21,-139,75
-142,29,75
-23,-125,75
-149,35,75
-30,-126,75
-156,35,75
-26,-123,75
-153,33,75
-23,-123,75
-150,32,75
-7,-122,75
-151,37,75
-18,-127,75
-157,46,75
-18,-119,75
-143,42,75
-21,-120,75
-149,23,75
-18,80,90
-78,-125,90
-28,84,90
-11,-25,90
-12,84,90
14,50,90
-19,81,90
30,73,90
-19,81,90
82,-172,90
-23,74,90
126,33,90
-28,80,90
-78,19,90
-15,81,90
4,-87,90
-19,67,90
-81,46,90
-15,75,90
-153,2,90
-29,81,90
142,45,90
-18,81,90
120,109,90
-5,78,90
-170,-19,90
-29,77,90
-99,-137,90
-25,75,90
-111,142,90
-22,82,90
177,-53,90
-18,81,90
-108,-52,90
-25,60,90
-1,-26,90
-22,77,90
116,120,90
-32,75,90
-39,52,90
-23,73,90
-73,-57,90
-19,71,90
-163,-150,90
-23,78,90
92,140,90
-16,82,90
101,-90,90
-7,90,90
9,88,90
-22,75,90
-88,123,90
-21,80,90
-33,32,90
-11,80,90
146,2,90
-35,68,90
-33,144,90
-21,78,90
18,-25,90
-28,71,90
-68,-33,90
-14,84,90
52,-91,90
-16,74,90
165,94,90
-26,74,90
-29,-59,90
-12,68,90
64,-4,90
-23,68,90
56,139,90
-25,74,90
136,-163,90
-15,75,90
-45,-142,90
-19,82,90
-64,42,90
-22,75,90
78,-163,90
-22,82,90
-19,43,90
-18,73,90
-171,-12,90
-25,75,90
-144,-142,90
-21,80,90
-54,158,90
-8,80,90
-70,157,90
-26,71,90
119,120,90
-15,82,90
-147,30,90
-21,77,90
140,66,90
-18,67,90
-102,-40,90
-18,84,90
-112,-135,90
-11,80,90
-33,19,90
-18,77,90
74,-142,90
-16,81,90
-140,119,90
-22,77,90
-160,59,90
-25,81,90
61,157,90
-22,67,90
177,59,90
-12,90,90
-85,172,90
-14,84,90
125,-133,90
-21,78,90
-56,-113,90
-15,80,90
-125,57,90
-16,80,90
-143,111,90
-22,78,90
-113,-129,90
-19,71,90
-45,157,90
-19,75,90
37,-8,90
-21,85,90
95,157,90
-23,74,90
-175,175,90
-35,74,90
108,4,90
-9,84,90
-116,-154,90
-16,71,90
26,33,90
-16,67,90
18,-102,90
-30,74,90
81,158,90
-21,74,90
130,74,90
-23,68,90
122,14,90
-15,80,90
108,-144,90
-12,75,90
-120,142,90
-19,75,90
-16,154,90
-12,82,90
147,122,90
-12,84,90
-74,-118,90
-18,78,90
99,-94,90
-14,77,90
-165,-90,90
-18,81,90
151,132,90
-11,91,90
-140,125,90
-26,66,90
115,71,90
-12,84,90
-157,137,90
-23,67,90
88,180,90
-22,71,90
120,-52,90
-25,85,90
0,109,90
-21,73,90
-19,2,90
-22,84,90
137,-157,90
-16,77,90
-45,-54,90
-16,85,90
9,-119,90
-12,87,90
82,-25,90
-25,85,90
-151,95,90
-21,74,90
99,-12,90
-19,77,90
-43,25,90
-9,84,90
-42,-129,90
-22,73,90
11,118,90
-19,77,90
97,-97,90
-18,81,90
-163,94,90
-16,75,90
-40,-153,90
-33,71,90
135,-126,90
-25,66,90
95,29,90
-16,81,90
142,111,90
-12,84,90
-36,-45,90
-28,75,90
-64,-144,90
-29,75,90
-98,-81,90
-8,81,90
-32,-172,90
-15,81,90
22,105,90
-12,68,90
-167,-56,90
-16,85,90
-98,-82,90
-14,88,90
-60,104,90
-18,78,90
-130,-84,90
-16,84,90
-52,-177,90
-19,77,90
-161,-57,90
-16,77,90
132,19,90
-16,75,90
98,101,90
-16,80,90
165,60,90
-14,85,90
66,126,90
-25,73,90
18,-77,90
-16,74,90
-68,94,90
-14,74,90
-7,102,90
-9,81,90
87,-53,90
-12,80,90
-78,-22,90
-15,84,90
-91,-33,90
-14,85,90
-75,-170,90
-16,85,90
125,54,90
-18,75,90
-54,-45,90
-32,70,90
-11,-115,90
-18,80,90
127,77,90
-19,81,90
28,-60,90
-11,71,90
149,146,90
-14,80,90
160,64,90
-15,82,90
-85,-122,90
-26,68,90
158,119,90
-32,53,90
108,-122,90
-16,77,90
47,-56,90
-18,80,90
-129,-174,90
-30,73,90
-125,92,90
-18,73,90
1,-130,90
-23,81,90
12,50,90
-23,80,90
-73,-77,90
-12,71,90
108,-84,90
-19,73,90
29,-97,90
-15,81,90
52,-85,90
-18,82,90
102,-150,90
-25,78,90
-22,-14,90
-28,73,90
-144,36,90
-25,74,90
99,158,90
-23,73,90
28,-54,90
-14,84,90
8,-36,90
-11,81,90
-47,29,90
-18,82,90
-74,16,90
-28,77,90
-47,104,90
-11,75,90
-43,-22,90
-32,75,90
-28,143,90
-15,75,90
-39,-82,90
-15,77,90
-84,178,90
-19,77,90
-144,67,90
-9,78,90
167,-36,90
-18,73,90
171,54,90
-23,71,90
-116,158,90
-16,73,90
-25,23,90
-39,73,90
106,80,90
-30,77,90
151,-14,90
-21,75,90
-125,37,90
-25,81,90
39,-108,90
-23,82,90
-133,133,90
-25,73,90
-43,-85,90
-14,81,90
52,-70,90
-18,80,90
-22,-26,90
-19,71,90
-42,18,90
-15,73,90
129,-2,90
-19,78,90
-78,112,90
-26,59,90
171,85,90
-18,81,90
71,9,90
-14,84,90
-142,-11,90
-12,87,90
-54,-47,90
-19,78,90
-119,-92,90
-16,82,90
-64,84,90
-16,71,90
122,-170,90
-11,71,90
66,174,90
-18,85,90
-149,-82,90
-19,77,90
-26,77,90
-9,87,90
85,-133,90
-25,71,90
87,-25,90
-15,77,90
45,-36,90
-19,81,90
-118,15,90
-23,73,90
-53,-60,90
-7,74,90
-118,52,90
-25,81,90
42,-140,90
-18,81,90
-23,53,90
-19,80,90
-70,168,90
-28,71,90
15,-88,90
-26,73,90
172,15,90
-26,77,90
4,9,90
-39,59,90
49,-74,90
-23,78,90
11,-158,90
-14,78,90
119,91,90
-23,88,90
53,-88,90
-29,75,90
-122,85,90
-23,85,90
153,2,90
-21,74,90
0,-170,90
-29,75,90
54,-170,90
-19,70,90
-59,-16,90
-22,77,90
139,4,90
-23,80,90
47,157,90
-16,75,90
70,-84,90
-15,77,90
36,-118,90
-26,74,90
-29,109,90
-19,82,90
118,-25,90
-18,84,90
-8,-45,90
-22,67,90
-45,-39,90
-14,81,90
-54,68,90
-14,73,90
108,11,90
-12,90,90
175,130,90
-12,73,90
29,158,90
-22,74,90
-12,-80,90
-16,77,90
56,-144,90
-23,70,90
-88,8,90
-12,78,90
-161,-95,90
-14,90,90
-108,130,90
-22,68,90
-71,-87,90
-21,81,90
-46,109,90
-8,87,90
54,81,90
-16,74,90
122,106,90
-15,77,90
-50,70,90
-14,78,90
-102,143,90
-15,82,90
-68,-32,90
-9,80,90
-16,-77,90
-12,81,90
95,104,90
-26,78,90
-77,156,90
-26,70,90
123,-113,90
-19,82,90
-77,106,90
-9,87,90
35,-63,90
-23,75,90
-45,0,90
-19,81,90
-115,2,90
-22,74,90
75,-95,90
-18,84,90
-81,19,90
-25,77,90
45,-54,90
-23,81,90
-102,-161,90
-22,77,90
-45,-170,90
-9,75,90
130,-153,90
-21,75,90
-63,168,90
-26,74,90
54,67,90
-28,61,90
-135,50,90
-28,87,90
84,42,90
-9,81,90
85,146,90
-19,81,90
177,106,90
-14,67,90
-59,-154,90
-15,77,90
97,-50,90
